91.08, 2016-11-16 10:12:00, 2016-11-16 10:12:00,K, 6.30, 135,58110353530, 1
35.78, 2017-05-03 11:19:00, 2017-05-03 11:19:00,K, 4.30, 133,58051177819, 2
31.21, 2017-06-10 19:54:00, 2017-06-10 19:54:00,K, 3.84, ,66052140831, 3
237.82, 2017-10-30 19:57:00, 2017-10-30 19:57:00,G, 24.22, 35,58051177819, 4
21.50, 2016-06-12 18:44:00, 2016-06-12 18:44:00,K, 1.71, 79,64032702745, 5
53.41, 2017-06-24 14:13:00, 2017-06-24 14:13:00,G, 5.60, ,58051177819, 6
241.48, 2016-11-28 15:38:00, 2016-11-28 15:38:00,K, 21.19, 92,72100420615, 7
36.42, 2017-07-04 14:10:00, 2017-07-04 14:10:00,K, 4.05, ,50091366336, 8
67.42, 2016-01-09 18:41:00, 2016-01-09 18:41:00,G, 6.97, ,75060453291, 9
166.28, 2015-09-16 13:48:00, 2015-09-16 13:48:00,K, 21.41, ,58110353530, 10
231.12, 2017-06-23 17:21:00, 2017-06-23 17:21:00,K, 25.36, ,64070444454, 11
17.17, 2016-11-26 15:48:00, 2016-11-26 15:48:00,K, 2.07, ,64032702745, 12
210.42, 2017-09-14 13:47:00, 2017-09-14 13:47:00,G, 18.75, ,66052140831, 13
170.84, 2016-09-17 17:44:00, 2016-09-17 17:44:00,K, 14.12, ,58110353530, 14
82.13, 2014-12-31 12:22:00, 2014-12-31 12:22:00,G, 7.76, 15,89032486684, 15
87.37, 2017-10-01 09:20:00, 2017-10-01 09:20:00,G, 9.93, 128,64032702745, 16
24.23, 2017-09-14 19:40:00, 2017-09-14 19:40:00,K, 2.18, 30,60050626782, 17
252.21, 2017-07-18 09:52:00, 2017-07-18 09:52:00,K, 37.83, ,64070444454, 18
305.98, 2016-07-27 10:23:00, 2016-07-27 10:23:00,G, 25.54, 127,90091940110, 19
104.91, 2015-04-28 20:39:00, 2015-04-28 20:39:00,K, 8.68, ,56041331582, 20
161.65, 2015-10-05 13:25:00, 2015-10-05 13:25:00,K, 15.85, 52,58110353530, 21
129.59, 2017-04-18 10:05:00, 2017-04-18 10:05:00,K, 9.15, 104,58110353530, 22
88.36, 2017-07-10 18:38:00, 2017-07-10 18:38:00,K, 8.47, ,58051177819, 23
38.17, 2014-08-27 16:41:00, 2014-08-27 16:41:00,G, 3.56, ,81051487408, 24
178.99, 2015-09-13 16:12:00, 2015-09-13 16:12:00,K, 14.73, ,89032486684, 25
113.24, 2014-08-31 12:33:00, 2014-08-31 12:33:00,K, 14.42, 148,50091366336, 26
36.47, 2017-10-08 09:13:00, 2017-10-08 09:13:00,G, 3.34, ,60050626782, 27
73.68, 2016-07-28 09:19:00, 2016-07-28 09:19:00,G, 6.01, 117,75060453291, 28
156.76, 2017-07-31 15:22:00, 2017-07-31 15:22:00,G, 15.54, 102,58051177819, 29
115.58, 2017-05-30 15:25:00, 2017-05-30 15:25:00,K, 12.46, ,58051177819, 30
50.66, 2017-01-06 16:18:00, 2017-01-06 16:18:00,K, 4.96, 138,64032702745, 31
288.58, 2017-07-15 09:26:00, 2017-07-15 09:26:00,G, 42.20, 14,66052140831, 32
8.99, 2016-05-14 11:57:00, 2016-05-14 11:57:00,G, 0.85, 6,58110353530, 33
114.82, 2017-08-25 09:12:00, 2017-08-25 09:12:00,K, 9.62, ,89032486684, 34
79.43, 2017-09-13 16:05:00, 2017-09-13 16:05:00,K, 8.25, ,90101522433, 35
209.31, 2017-09-08 09:13:00, 2017-09-08 09:13:00,K, 23.12, ,60050626782, 36
119.91, 2017-06-03 20:28:00, 2017-06-03 20:28:00,G, 14.67, ,57111780178, 37
18.45, 2015-10-20 18:27:00, 2015-10-20 18:27:00,G, 1.58, 10,89032486684, 38
49.82, 2014-05-05 17:56:00, 2014-05-05 17:56:00,G, 4.33, 71,75060453291, 39
210.47, 2017-08-09 19:29:00, 2017-08-09 19:29:00,K, 22.16, 65,64070444454, 40
144.51, 2016-09-30 09:09:00, 2016-09-30 09:09:00,K, 19.44, ,67090840581, 41
14.09, 2017-09-19 10:26:00, 2017-09-19 10:26:00,K, 1.58, ,60050626782, 42
79.40, 2016-06-05 14:35:00, 2016-06-05 14:35:00,K, 8.23, 78,56041331582, 43
131.32, 2017-03-11 10:17:00, 2017-03-11 10:17:00,G, 13.94, ,56041331582, 44
205, 2015-03-27 14:02:00, 2015-03-27 14:02:00,K, 25.73, 107,90091940110, 45
123.60, 2017-09-25 13:53:00, 2017-09-25 13:53:00,K, 12.48, ,58110353530, 46
344.12, 2017-06-07 14:05:00, 2017-06-07 14:05:00,G, 32.79, 59,90101522433, 47
101.11, 2016-03-16 16:11:00, 2016-03-16 16:11:00,K, 9.19, 135,50091366336, 48
42.73, 2016-10-03 09:04:00, 2016-10-03 09:04:00,K, 3.91, 99,57111780178, 49
270.51, 2017-07-23 18:34:00, 2017-07-23 18:34:00,G, 29.15, 93,90101522433, 50
79.78, 2016-03-15 12:57:00, 2016-03-15 12:57:00,K, 8.05, ,90101522433, 51
260.65, 2016-07-31 17:44:00, 2016-07-31 17:44:00,K, 28.05, 41,58110353530, 52
103.45, 2015-08-17 12:33:00, 2015-08-17 12:33:00,K, 12.96, 145,56041331582, 53
135.00, 2017-05-27 12:27:00, 2017-05-27 12:27:00,G, 18.50, 87,67090840581, 54
64.30, 2017-08-29 15:23:00, 2017-08-29 15:23:00,G, 6.90, ,72100420615, 55
100.22, 2017-03-11 15:55:00, 2017-03-11 15:55:00,K, 11.87, 19,64032702745, 56
42.35, 2017-10-10 09:14:00, 2017-10-10 09:14:00,K, 3.56, 130,60050626782, 57
10.06, 2014-04-22 18:54:00, 2014-04-22 18:54:00,K, 0.97, 59,81051487408, 58
216.23, 2017-03-29 19:10:00, 2017-03-29 19:10:00,K, 24.62, ,58051177819, 59
62.98, 2016-09-27 15:44:00, 2016-09-27 15:44:00,K, 4.52, 3,67090840581, 60
142.59, 2013-02-20 14:04:00, 2013-02-20 14:04:00,K, 13.41, 19,50091366336, 61
145.54, 2016-03-29 14:11:00, 2016-03-29 14:11:00,G, 13.82, ,50091366336, 62
28.26, 2014-06-08 20:58:00, 2014-06-08 20:58:00,K, 3.89, 96,75060453291, 63
112.12, 2017-06-12 12:50:00, 2017-06-12 12:50:00,K, 10.80, 83,58051177819, 64
8.67, 2016-05-25 18:46:00, 2016-05-25 18:46:00,G, 1.08, ,75060453291, 65
206.59, 2017-06-09 11:14:00, 2017-06-09 11:14:00,G, 22.17, ,66052140831, 66
62.14, 2016-10-29 13:10:00, 2016-10-29 13:10:00,K, 5.05, 130,90101522433, 67
51.79, 2016-09-21 13:05:00, 2016-09-21 13:05:00,G, 6.38, ,64032702745, 68
104.63, 2017-06-29 17:28:00, 2017-06-29 17:28:00,K, 12.34, 29,67090840581, 69
365.99, 2017-07-31 09:14:00, 2017-07-31 09:14:00,G, 34.37, 27,66052140831, 70
114.35, 2017-02-19 10:21:00, 2017-02-19 10:21:00,K, 8.98, ,75060453291, 71
65.75, 2013-11-12 13:48:00, 2013-11-12 13:48:00,K, 7.06, 140,81051487408, 72
52.34, 2015-10-01 18:17:00, 2015-10-01 18:17:00,K, 5.95, 75,89032486684, 73
76.70, 2017-08-07 17:29:00, 2017-08-07 17:29:00,K, 5.77, ,66052140831, 74
271.72, 2016-12-16 20:04:00, 2016-12-16 20:04:00,G, 21.42, 59,90101522433, 75
217.99, 2017-02-01 10:11:00, 2017-02-01 10:11:00,G, 22.00, ,90101522433, 76
40.24, 2016-01-24 17:28:00, 2016-01-24 17:28:00,K, 3.79, 117,50091366336, 77
177.59, 2015-08-26 18:58:00, 2015-08-26 18:58:00,K, 20.10, 69,90091940110, 78
93.75, 2016-07-02 19:02:00, 2016-07-02 19:02:00,G, 9.55, ,64032702745, 79
135.58, 2016-01-25 16:18:00, 2016-01-25 16:18:00,G, 11.67, ,58110353530, 80
210.27, 2017-01-29 13:30:00, 2017-01-29 13:30:00,G, 17.28, ,72100420615, 81
146.22, 2017-05-13 11:24:00, 2017-05-13 11:24:00,K, 13.13, 78,58051177819, 82
225.14, 2017-03-04 15:05:00, 2017-03-04 15:05:00,G, 19.02, 126,67090840581, 83
195.75, 2013-09-14 10:18:00, 2013-09-14 10:18:00,G, 21.62, ,50091366336, 84
114.38, 2016-07-01 09:59:00, 2016-07-01 09:59:00,K, 10.60, 95,64032702745, 85
209.08, 2015-03-19 16:31:00, 2015-03-19 16:31:00,K, 21.14, 45,90091940110, 86
49.15, 2017-02-23 17:10:00, 2017-02-23 17:10:00,G, 4.44, 115,57111780178, 87
132.42, 2013-10-29 16:55:00, 2013-10-29 16:55:00,K, 11.37, 32,50091366336, 88
231.95, 2016-12-09 12:21:00, 2016-12-09 12:21:00,K, 23.62, ,58110353530, 89
91.38, 2014-11-07 18:12:00, 2014-11-07 18:12:00,K, 8.36, ,81051487408, 90
37.94, 2015-05-27 13:26:00, 2015-05-27 13:26:00,K, 4.22, 49,56041331582, 91
183.11, 2017-02-18 14:29:00, 2017-02-18 14:29:00,K, 17.72, ,72100420615, 92
213.35, 2016-09-16 19:50:00, 2016-09-16 19:50:00,G, 19.25, 39,67090840581, 93
102.91, 2017-07-19 16:11:00, 2017-07-19 16:11:00,K, 11.76, ,90101522433, 94
59.13, 2017-09-17 13:26:00, 2017-09-17 13:26:00,K, 7.69, ,60050626782, 95
207.13, 2017-06-10 10:29:00, 2017-06-10 10:29:00,K, 18.97, 132,67090840581, 96
174.09, 2016-04-15 19:24:00, 2016-04-15 19:24:00,G, 20.01, 141,75060453291, 97
186.75, 2016-02-20 09:53:00, 2016-02-20 09:53:00,K, 20.98, ,90101522433, 98
7.74, 2015-03-01 15:12:00, 2015-03-01 15:12:00,G, 1.04, ,75060453291, 99
76.36, 2016-10-26 18:08:00, 2016-10-26 18:08:00,K, 6.59, ,57111780178, 100
247.5, 2015-03-27 09:56:00, 2015-03-27 09:56:00,K, 18.40, ,89032486684, 101
138.86, 2016-09-22 15:40:00, 2016-09-22 15:40:00,G, 15.18, 54,67090840581, 102
71.40, 2017-05-06 20:12:00, 2017-05-06 20:12:00,K, 6.48, ,57111780178, 103
52.42, 2017-08-11 19:57:00, 2017-08-11 19:57:00,K, 3.82, ,57111780178, 104
40.23, 2017-10-25 12:58:00, 2017-10-25 12:58:00,K, 4.45, 40,66052140831, 105
55.00, 2015-12-11 10:54:00, 2015-12-11 10:54:00,K, 4.75, ,81051487408, 106
134.71, 2017-09-29 18:41:00, 2017-09-29 18:41:00,G, 12.11, ,66052140831, 107
60.18, 2015-01-28 14:42:00, 2015-01-28 14:42:00,K, 5.63, ,50091366336, 108
115.80, 2015-01-22 17:03:00, 2015-01-22 17:03:00,G, 7.92, 75,90091940110, 109
49.97, 2017-08-23 15:13:00, 2017-08-23 15:13:00,G, 5.10, 62,58051177819, 110
79.44, 2017-09-25 18:34:00, 2017-09-25 18:34:00,K, 8.91, 115,66052140831, 111
182.77, 2017-10-06 12:42:00, 2017-10-06 12:42:00,K, 18.65, 140,57111780178, 112
108.79, 2016-07-31 18:18:00, 2016-07-31 18:18:00,G, 9.35, 150,58110353530, 113
11.73, 2017-07-30 11:49:00, 2017-07-30 11:49:00,G, 0.84, 129,60050626782, 114
208.57, 2016-03-31 20:08:00, 2016-03-31 20:08:00,G, 15.95, ,58110353530, 115
101.45, 2013-02-16 17:00:00, 2013-02-16 17:00:00,G, 13.41, 55,50091366336, 116
82.66, 2015-04-20 14:14:00, 2015-04-20 14:14:00,G, 7.11, 7,75060453291, 117
57.92, 2017-10-03 10:28:00, 2017-10-03 10:28:00,K, 5.67, 88,66052140831, 118
155.14, 2016-07-28 20:10:00, 2016-07-28 20:10:00,K, 17.15, ,64032702745, 119
77.93, 2016-09-23 13:55:00, 2016-09-23 13:55:00,G, 7.96, 51,57111780178, 120
22.02, 2017-02-06 15:53:00, 2017-02-06 15:53:00,G, 1.96, 130,90101522433, 121
291.14, 2016-10-06 19:58:00, 2016-10-06 19:58:00,G, 25.67, 92,57111780178, 122
49.10, 2016-07-15 18:34:00, 2016-07-15 18:34:00,G, 4.82, 84,64032702745, 123
187.96, 2017-04-18 10:22:00, 2017-04-18 10:22:00,G, 19.15, ,60050626782, 124
220.28, 2014-01-29 11:40:00, 2014-01-29 11:40:00,K, 22.23, ,89032486684, 125
118.64, 2017-10-17 10:21:00, 2017-10-17 10:21:00,K, 15.91, 46,72100420615, 126
125.23, 2013-11-06 13:17:00, 2013-11-06 13:17:00,K, 11.01, 115,50091366336, 127
160, 2016-07-08 09:53:00, 2016-07-08 09:53:00,G, 17.33, 30,64032702745, 128
213.30, 2013-09-02 17:38:00, 2013-09-02 17:38:00,G, 15.71, 143,50091366336, 129
112.26, 2016-12-17 18:09:00, 2016-12-17 18:09:00,K, 11.97, 33,90101522433, 130
112.28, 2016-07-14 20:41:00, 2016-07-14 20:41:00,K, 10.31, 68,58110353530, 131
17.96, 2017-02-13 15:30:00, 2017-02-13 15:30:00,K, 1.78, 29,67090840581, 132
104.69, 2016-08-09 20:42:00, 2016-08-09 20:42:00,G, 9.73, 53,64032702745, 133
58.03, 2016-12-23 17:05:00, 2016-12-23 17:05:00,K, 4.46, 60,64070444454, 134
120.60, 2016-12-07 20:02:00, 2016-12-07 20:02:00,K, 11.94, 50,67090840581, 135
65.84, 2017-06-01 17:18:00, 2017-06-01 17:18:00,K, 4.97, ,72100420615, 136
136.18, 2015-01-25 17:25:00, 2015-01-25 17:25:00,K, 14.09, 137,56041331582, 137
113.25, 2017-03-31 10:13:00, 2017-03-31 10:13:00,K, 11.87, 94,64070444454, 138
111.14, 2015-08-31 12:10:00, 2015-08-31 12:10:00,K, 8.36, 85,90091940110, 139
465.40, 2016-04-25 20:13:00, 2016-04-25 20:13:00,G, 44.80, ,81051487408, 140
400.03, 2015-06-24 20:36:00, 2015-06-24 20:36:00,G, 42.25, ,89032486684, 141
171.07, 2017-10-14 12:01:00, 2017-10-14 12:01:00,K, 24.81, ,67090840581, 142
13.29, 2014-12-16 20:25:00, 2014-12-16 20:25:00,K, 1.08, ,56041331582, 143
85.90, 2016-10-18 15:12:00, 2016-10-18 15:12:00,G, 8.19, ,67090840581, 144
211.49, 2016-12-31 15:33:00, 2016-12-31 15:33:00,G, 20.44, ,57111780178, 145
126.53, 2016-07-03 14:44:00, 2016-07-03 14:44:00,G, 11.89, 94,90091940110, 146
177.03, 2015-08-27 11:57:00, 2015-08-27 11:57:00,K, 14.46, 100,89032486684, 147
300.10, 2017-06-04 20:14:00, 2017-06-04 20:14:00,G, 29.30, 7,58051177819, 148
43.70, 2017-03-29 10:33:00, 2017-03-29 10:33:00,G, 4.74, 146,58051177819, 149
84.01, 2017-10-24 17:45:00, 2017-10-24 17:45:00,G, 10.93, 55,66052140831, 150
225.16, 2017-06-29 18:38:00, 2017-06-29 18:38:00,G, 21.05, ,50091366336, 151
328.16, 2014-09-02 13:03:00, 2014-09-02 13:03:00,K, 39.93, 26,81051487408, 152
158.40, 2016-07-21 10:30:00, 2016-07-21 10:30:00,G, 12.96, 101,57111780178, 153
163.12, 2016-12-23 12:11:00, 2016-12-23 12:11:00,G, 17.59, 51,67090840581, 154
7.41, 2017-07-13 11:16:00, 2017-07-13 11:16:00,K, 0.80, 81,58051177819, 155
129.24, 2016-02-17 19:20:00, 2016-02-17 19:20:00,K, 10.81, 12,90101522433, 156
69.84, 2016-10-02 09:04:00, 2016-10-02 09:04:00,K, 5.01, 50,67090840581, 157
95.16, 2017-07-09 20:36:00, 2017-07-09 20:36:00,G, 9.24, ,58110353530, 158
110.37, 2017-06-22 10:24:00, 2017-06-22 10:24:00,K, 15.75, ,64070444454, 159
503.18, 2016-12-04 15:25:00, 2016-12-04 15:25:00,K, 39.28, ,67090840581, 160
197.29, 2017-08-02 18:10:00, 2017-08-02 18:10:00,G, 23.63, ,90101522433, 161
25.17, 2017-03-30 19:57:00, 2017-03-30 19:57:00,K, 3.17, ,58110353530, 162
190.77, 2016-06-19 11:00:00, 2016-06-19 11:00:00,K, 21.22, ,57111780178, 163
210.55, 2017-01-25 09:36:00, 2017-01-25 09:36:00,K, 18.51, 64,64032702745, 164
67.86, 2017-05-21 14:13:00, 2017-05-21 14:13:00,K, 7.14, ,57111780178, 165
44.61, 2017-06-25 16:43:00, 2017-06-25 16:43:00,K, 5.12, 120,64070444454, 166
236.98, 2017-09-11 19:41:00, 2017-09-11 19:41:00,G, 29.02, ,50091366336, 167
175.76, 2016-11-09 09:11:00, 2016-11-09 09:11:00,K, 15.82, ,81051487408, 168
124.87, 2017-06-13 18:12:00, 2017-06-13 18:12:00,K, 11.14, ,58051177819, 169
260.31, 2017-08-22 14:14:00, 2017-08-22 14:14:00,K, 26.26, ,67090840581, 170
156.36, 2017-04-03 13:04:00, 2017-04-03 13:04:00,G, 12.88, ,58051177819, 171
313.12, 2016-04-24 13:31:00, 2016-04-24 13:31:00,G, 23.62, 42,58110353530, 172
148.0, 2017-10-26 13:19:00, 2017-10-26 13:19:00,G, 13.82, 141,60050626782, 173
336.94, 2016-04-24 18:45:00, 2016-04-24 18:45:00,K, 25.43, 81,90101522433, 174
21.28, 2017-05-11 15:19:00, 2017-05-11 15:19:00,K, 1.91, 143,67090840581, 175
165.72, 2016-10-22 15:14:00, 2016-10-22 15:14:00,K, 17.08, 68,67090840581, 176
56.90, 2015-04-03 17:06:00, 2015-04-03 17:06:00,G, 4.23, 130,56041331582, 177
43.22, 2016-07-13 15:13:00, 2016-07-13 15:13:00,G, 4.75, ,89032486684, 178
276.87, 2017-08-11 16:52:00, 2017-08-11 16:52:00,K, 27.69, 48,64070444454, 179
175.01, 2016-10-18 14:16:00, 2016-10-18 14:16:00,K, 15.27, ,72100420615, 180
47.71, 2017-09-30 14:30:00, 2017-09-30 14:30:00,G, 4.62, ,64070444454, 181
149.28, 2014-03-19 10:59:00, 2014-03-19 10:59:00,G, 15.60, 147,89032486684, 182
144.17, 2017-03-19 10:08:00, 2017-03-19 10:08:00,K, 16.67, ,60050626782, 183
35.97, 2017-07-06 09:34:00, 2017-07-06 09:34:00,K, 3.46, 46,60050626782, 184
154.67, 2017-10-09 20:50:00, 2017-10-09 20:50:00,K, 14.28, ,60050626782, 185
161.36, 2017-05-11 14:43:00, 2017-05-11 14:43:00,K, 20.32, ,64032702745, 186
131.95, 2017-05-11 18:11:00, 2017-05-11 18:11:00,K, 16.57, 94,64070444454, 187
101.56, 2015-10-14 15:48:00, 2015-10-14 15:48:00,K, 10.25, ,90091940110, 188
192.21, 2016-01-12 10:03:00, 2016-01-12 10:03:00,G, 27.79, 135,75060453291, 189
101.27, 2017-06-22 10:09:00, 2017-06-22 10:09:00,K, 10.41, ,64070444454, 190
141.67, 2017-01-01 19:42:00, 2017-01-01 19:42:00,G, 17.83, 3,56041331582, 191
35.58, 2016-07-30 10:57:00, 2016-07-30 10:57:00,K, 3.85, ,90101522433, 192
280.98, 2016-03-30 11:18:00, 2016-03-30 11:18:00,G, 24.78, 145,90101522433, 193
327.24, 2016-08-02 14:55:00, 2016-08-02 14:55:00,G, 32.72, 12,89032486684, 194
147.26, 2017-09-07 13:33:00, 2017-09-07 13:33:00,K, 15.23, 23,66052140831, 195
540.78, 2017-02-15 14:31:00, 2017-02-15 14:31:00,K, 48.39, ,72100420615, 196
115.75, 2017-07-06 19:17:00, 2017-07-06 19:17:00,K, 10.47, 98,60050626782, 197
19.76, 2017-09-02 19:26:00, 2017-09-02 19:26:00,K, 2.05, 73,58051177819, 198
498.88, 2016-06-14 13:53:00, 2016-06-14 13:53:00,K, 50.50, 86,81051487408, 199
196.85, 2017-03-09 15:47:00, 2017-03-09 15:47:00,G, 19.30, ,72100420615, 200
482.37, 2015-10-23 09:31:00, 2015-10-23 09:31:00,G, 47.28, 97,50091366336, 201
104.88, 2017-01-05 15:59:00, 2017-01-05 15:59:00,G, 10.04, 13,72100420615, 202
85.93, 2016-10-27 18:12:00, 2016-10-27 18:12:00,K, 8.51, 37,72100420615, 203
239.12, 2015-11-20 13:15:00, 2015-11-20 13:15:00,G, 27.81, 115,90091940110, 204
47.46, 2017-09-27 20:28:00, 2017-09-27 20:28:00,K, 5.26, ,90101522433, 205
173.52, 2017-03-25 20:48:00, 2017-03-25 20:48:00,G, 21.04, 54,64032702745, 206
149.55, 2017-02-20 13:25:00, 2017-02-20 13:25:00,G, 14.37, ,72100420615, 207
53.47, 2017-08-16 17:07:00, 2017-08-16 17:07:00,K, 6.35, ,66052140831, 208
56.26, 2016-12-09 10:54:00, 2016-12-09 10:54:00,K, 5.57, 7,64032702745, 209
18.78, 2017-07-29 16:40:00, 2017-07-29 16:40:00,G, 1.91, 53,50091366336, 210
79.89, 2017-09-05 18:47:00, 2017-09-05 18:47:00,K, 6.75, 100,57111780178, 211
139.35, 2016-01-10 17:35:00, 2016-01-10 17:35:00,G, 14.82, ,90101522433, 212
76.50, 2017-05-23 11:44:00, 2017-05-23 11:44:00,G, 7.05, 23,50091366336, 213
132.08, 2016-07-19 19:17:00, 2016-07-19 19:17:00,K, 13.52, ,57111780178, 214
72.8, 2017-09-13 16:14:00, 2017-09-13 16:14:00,K, 6.31, 134,67090840581, 215
348.93, 2016-10-31 14:23:00, 2016-10-31 14:23:00,G, 23.86, 138,89032486684, 216
355.59, 2015-11-03 20:18:00, 2015-11-03 20:18:00,K, 40.64, ,56041331582, 217
364.47, 2017-08-28 10:55:00, 2017-08-28 10:55:00,K, 39.46, ,67090840581, 218
80.63, 2017-04-15 12:48:00, 2017-04-15 12:48:00,K, 7.34, ,60050626782, 219
17.80, 2017-02-25 14:16:00, 2017-02-25 14:16:00,G, 1.70, ,58051177819, 220
84.74, 2013-09-30 14:44:00, 2013-09-30 14:44:00,G, 9.79, 81,50091366336, 221
115.43, 2014-05-26 13:47:00, 2014-05-26 13:47:00,K, 8.43, ,89032486684, 222
122.84, 2017-09-21 18:07:00, 2017-09-21 18:07:00,G, 13.73, ,60050626782, 223
152.41, 2015-11-30 10:00:00, 2015-11-30 10:00:00,G, 14.22, ,56041331582, 224
30.20, 2017-06-21 18:02:00, 2017-06-21 18:02:00,K, 2.84, ,56041331582, 225
54.40, 2017-10-27 16:16:00, 2017-10-27 16:16:00,K, 6.69, ,66052140831, 226
346.29, 2017-02-20 11:47:00, 2017-02-20 11:47:00,K, 31.64, ,72100420615, 227
93.09, 2017-04-12 10:39:00, 2017-04-12 10:39:00,G, 9.66, ,58110353530, 228
241.93, 2014-11-11 09:13:00, 2014-11-11 09:13:00,G, 23.24, 104,56041331582, 229
68.51, 2017-06-21 19:03:00, 2017-06-21 19:03:00,G, 7.19, 30,58051177819, 230
174.51, 2017-07-01 11:20:00, 2017-07-01 11:20:00,K, 21.81, 20,72100420615, 231
260.62, 2016-02-01 19:00:00, 2016-02-01 19:00:00,K, 23.82, ,90101522433, 232
3.81, 2017-01-04 20:51:00, 2017-01-04 20:51:00,K, 0.47, ,57111780178, 233
101.77, 2014-07-18 10:45:00, 2014-07-18 10:45:00,G, 9.40, 18,75060453291, 234
172.41, 2013-02-17 19:20:00, 2013-02-17 19:20:00,G, 15.67, 41,50091366336, 235
40.80, 2017-07-02 13:18:00, 2017-07-02 13:18:00,K, 4.63, ,66052140831, 236
73.38, 2017-09-08 15:14:00, 2017-09-08 15:14:00,K, 6.91, ,60050626782, 237
64.92, 2015-04-01 16:28:00, 2015-04-01 16:28:00,K, 4.91, 45,56041331582, 238
72.21, 2017-08-25 12:15:00, 2017-08-25 12:15:00,G, 9.99, 45,90091940110, 239
140.11, 2016-09-29 10:43:00, 2016-09-29 10:43:00,G, 18.85, ,90091940110, 240
150.46, 2014-08-19 17:09:00, 2014-08-19 17:09:00,G, 14.53, ,89032486684, 241
23.06, 2016-12-19 19:58:00, 2016-12-19 19:58:00,K, 2.06, 59,90101522433, 242
100, 2017-10-20 16:33:00, 2017-10-20 16:33:00,K, 10.59, 98,56041331582, 243
102.26, 2016-07-22 15:49:00, 2016-07-22 15:49:00,K, 7.47, 23,90091940110, 244
204.35, 2017-10-14 14:30:00, 2017-10-14 14:30:00,G, 18.39, ,64032702745, 245
60.85, 2016-12-09 16:18:00, 2016-12-09 16:18:00,G, 4.59, 97,90101522433, 246
454.22, 2017-04-13 11:57:00, 2017-04-13 11:57:00,G, 54.98, ,58051177819, 247
20.22, 2017-01-06 16:27:00, 2017-01-06 16:27:00,G, 2.28, ,64070444454, 248
69.49, 2017-01-31 18:15:00, 2017-01-31 18:15:00,G, 6.33, ,64070444454, 249
58.09, 2016-11-11 12:56:00, 2016-11-11 12:56:00,G, 5.62, 103,90091940110, 250
70.34, 2016-03-22 10:25:00, 2016-03-22 10:25:00,K, 7.72, ,75060453291, 251
453.60, 2017-05-03 14:46:00, 2017-05-03 14:46:00,G, 65.83, 116,57111780178, 252
418.24, 2017-05-20 16:46:00, 2017-05-20 16:46:00,K, 46.42, ,58051177819, 253
6.21, 2016-03-28 17:59:00, 2016-03-28 17:59:00,G, 0.70, ,90091940110, 254
85.08, 2013-02-16 20:22:00, 2013-02-16 20:22:00,G, 9.00, ,50091366336, 255
247.73, 2016-12-22 16:07:00, 2016-12-22 16:07:00,K, 28.98, 82,90101522433, 256
217.13, 2017-07-10 11:36:00, 2017-07-10 11:36:00,G, 31.36, ,58051177819, 257
318.84, 2016-10-03 12:52:00, 2016-10-03 12:52:00,G, 36.79, ,57111780178, 258
135.24, 2017-07-08 11:38:00, 2017-07-08 11:38:00,G, 10.71, 133,57111780178, 259
102.56, 2013-03-07 16:20:00, 2013-03-07 16:20:00,K, 10.70, ,50091366336, 260
68.18, 2017-07-01 19:15:00, 2017-07-01 19:15:00,G, 7.17, ,57111780178, 261
66.41, 2017-01-05 09:19:00, 2017-01-05 09:19:00,G, 7.42, 21,90091940110, 262
127.03, 2017-06-14 12:38:00, 2017-06-14 12:38:00,G, 15.88, 101,66052140831, 263
25.78, 2017-04-21 18:18:00, 2017-04-21 18:18:00,K, 2.26, 147,90101522433, 264
127.58, 2017-10-21 12:46:00, 2017-10-21 12:46:00,G, 11.05, 56,66052140831, 265
89.94, 2017-10-05 09:41:00, 2017-10-05 09:41:00,K, 11.12, ,90101522433, 266
24.76, 2017-03-04 09:27:00, 2017-03-04 09:27:00,K, 2.57, 66,50091366336, 267
18.19, 2015-08-26 18:34:00, 2015-08-26 18:34:00,G, 2.61, 129,81051487408, 268
461.47, 2017-03-29 18:54:00, 2017-03-29 18:54:00,G, 61.18, ,64032702745, 269
153.88, 2016-12-01 14:44:00, 2016-12-01 14:44:00,K, 17.11, 38,72100420615, 270
261.30, 2015-12-03 15:28:00, 2015-12-03 15:28:00,K, 31.19, 129,56041331582, 271
36.95, 2017-09-06 13:14:00, 2017-09-06 13:14:00,G, 4.53, ,56041331582, 272
26.79, 2017-08-29 14:02:00, 2017-08-29 14:02:00,G, 2.01, 46,66052140831, 273
127.64, 2015-12-05 15:18:00, 2015-12-05 15:18:00,K, 14.73, ,56041331582, 274
289.04, 2014-03-26 11:25:00, 2014-03-26 11:25:00,G, 25.50, 114,89032486684, 275
102.26, 2016-12-23 17:57:00, 2016-12-23 17:57:00,G, 9.26, ,67090840581, 276
153.48, 2017-07-25 12:14:00, 2017-07-25 12:14:00,K, 12.36, ,58051177819, 277
10.18, 2016-07-04 12:12:00, 2016-07-04 12:12:00,G, 1.13, ,57111780178, 278
21.18, 2017-09-16 10:15:00, 2017-09-16 10:15:00,G, 1.82, 89,66052140831, 279
180, 2017-05-30 17:44:00, 2017-05-30 17:44:00,G, 18, 50,64070444454, 280
279.61, 2017-08-18 16:35:00, 2017-08-18 16:35:00,G, 21.20, ,58110353530, 281
98.27, 2017-02-11 19:54:00, 2017-02-11 19:54:00,K, 8.89, ,58110353530, 282
97.71, 2015-12-30 20:06:00, 2015-12-30 20:06:00,G, 9.96, ,90101522433, 283
111.13, 2017-06-03 12:05:00, 2017-06-03 12:05:00,K, 10.75, ,89032486684, 284
497.13, 2015-11-09 16:31:00, 2015-11-09 16:31:00,K, 40.12, ,90091940110, 285
84.86, 2015-05-22 13:54:00, 2015-05-22 13:54:00,G, 11.98, ,90091940110, 286
101.85, 2016-04-05 11:08:00, 2016-04-05 11:08:00,G, 12.87, ,56041331582, 287
65.65, 2017-09-19 17:53:00, 2017-09-19 17:53:00,K, 6.39, ,60050626782, 288
17.01, 2016-12-17 09:54:00, 2016-12-17 09:54:00,G, 1.80, ,67090840581, 289
246.30, 2016-03-06 18:23:00, 2016-03-06 18:23:00,G, 23.30, 60,56041331582, 290
136.29, 2017-01-23 20:49:00, 2017-01-23 20:49:00,K, 17.33, ,64032702745, 291
228.28, 2017-07-16 09:06:00, 2017-07-16 09:06:00,G, 17.65, ,64070444454, 292
82.82, 2015-01-26 13:25:00, 2015-01-26 13:25:00,G, 11.50, ,90091940110, 293
304.38, 2016-11-22 17:15:00, 2016-11-22 17:15:00,K, 37.49, 139,57111780178, 294
66.81, 2017-10-26 17:47:00, 2017-10-26 17:47:00,G, 8.47, 26,58051177819, 295
170.28, 2015-10-03 16:18:00, 2015-10-03 16:18:00,G, 19.14, 105,90091940110, 296
39.38, 2017-10-28 16:52:00, 2017-10-28 16:52:00,G, 4.19, 131,90091940110, 297
302.48, 2017-09-18 09:14:00, 2017-09-18 09:14:00,K, 27.62, ,64032702745, 298
15.70, 2014-12-04 20:58:00, 2014-12-04 20:58:00,G, 2.08, ,89032486684, 299
130.92, 2017-04-15 19:36:00, 2017-04-15 19:36:00,G, 13.44, 91,90091940110, 300
27.08, 2016-09-18 12:27:00, 2016-09-18 12:27:00,K, 3.08, ,89032486684, 301
173.39, 2015-06-06 15:01:00, 2015-06-06 15:01:00,K, 11.80, 134,50091366336, 302
290.94, 2017-05-21 12:38:00, 2017-05-21 12:38:00,K, 25.77, ,66052140831, 303
135.53, 2017-10-08 15:10:00, 2017-10-08 15:10:00,K, 14.74, 83,58110353530, 304
126.58, 2017-05-31 13:22:00, 2017-05-31 13:22:00,K, 11.16, 112,64070444454, 305
95.39, 2014-09-14 14:49:00, 2014-09-14 14:49:00,G, 7.80, 81,56041331582, 306
82.90, 2017-05-09 17:45:00, 2017-05-09 17:45:00,K, 11.19, 123,60050626782, 307
28.36, 2017-10-14 10:07:00, 2017-10-14 10:07:00,K, 2.49, ,58051177819, 308
65.71, 2015-01-03 14:33:00, 2015-01-03 14:33:00,G, 7.52, 43,90091940110, 309
17.43, 2017-11-02 17:00:00, 2017-11-02 17:00:00,K, 2.05, 4,60050626782, 310
169.91, 2015-11-03 20:11:00, 2015-11-03 20:11:00,G, 12.82, 23,81051487408, 311
211.30, 2017-03-26 19:28:00, 2017-03-26 19:28:00,G, 18.98, ,57111780178, 312
23.45, 2014-02-12 13:55:00, 2014-02-12 13:55:00,G, 2.35, ,89032486684, 313
145.10, 2015-05-25 19:33:00, 2015-05-25 19:33:00,G, 13.09, ,89032486684, 314
267.67, 2016-11-30 09:09:00, 2016-11-30 09:09:00,K, 36.21, 55,90101522433, 315
155.37, 2016-08-26 09:57:00, 2016-08-26 09:57:00,G, 14.89, 69,50091366336, 316
77.27, 2017-10-13 14:02:00, 2017-10-13 14:02:00,G, 6.81, ,90101522433, 317
263.92, 2017-04-17 16:13:00, 2017-04-17 16:13:00,K, 24.14, 91,57111780178, 318
196.13, 2017-02-16 16:41:00, 2017-02-16 16:41:00,K, 15.42, 40,64070444454, 319
36.60, 2016-07-24 19:55:00, 2016-07-24 19:55:00,G, 4.24, ,75060453291, 320
138.74, 2015-01-18 18:03:00, 2015-01-18 18:03:00,K, 9.64, ,56041331582, 321
44.85, 2016-09-28 13:45:00, 2016-09-28 13:45:00,G, 3.99, ,58110353530, 322
117.54, 2017-04-19 20:14:00, 2017-04-19 20:14:00,G, 10.83, ,64070444454, 323
104.21, 2016-10-11 12:27:00, 2016-10-11 12:27:00,K, 8.12, ,72100420615, 324
142.41, 2017-07-15 13:18:00, 2017-07-15 13:18:00,G, 14.24, ,60050626782, 325
123.59, 2017-06-26 14:00:00, 2017-06-26 14:00:00,G, 13.10, 96,56041331582, 326
187.46, 2017-04-01 14:43:00, 2017-04-01 14:43:00,K, 23.92, ,64070444454, 327
32, 2017-03-23 18:12:00, 2017-03-23 18:12:00,G, 2.72, ,57111780178, 328
91.91, 2016-12-01 20:59:00, 2016-12-01 20:59:00,G, 9.19, 39,64032702745, 329
77.10, 2017-08-29 10:33:00, 2017-08-29 10:33:00,G, 9.07, ,90101522433, 330
145.66, 2017-03-22 12:11:00, 2017-03-22 12:11:00,K, 14.42, 118,60050626782, 331
112.26, 2017-03-30 15:44:00, 2017-03-30 15:44:00,K, 7.48, 114,57111780178, 332
186.60, 2015-06-27 14:21:00, 2015-06-27 14:21:00,G, 16.67, ,75060453291, 333
65.96, 2015-03-10 17:34:00, 2015-03-10 17:34:00,G, 8.25, ,75060453291, 334
171.35, 2017-05-28 14:16:00, 2017-05-28 14:16:00,G, 25.17, 144,58051177819, 335
141.88, 2017-02-13 17:15:00, 2017-02-13 17:15:00,K, 11.45, 80,64032702745, 336
33.67, 2015-10-04 17:41:00, 2015-10-04 17:41:00,K, 4.05, 149,75060453291, 337
280.68, 2017-04-14 16:54:00, 2017-04-14 16:54:00,G, 34.43, 124,64032702745, 338
23.41, 2017-05-19 19:21:00, 2017-05-19 19:21:00,K, 2.47, 33,60050626782, 339
173.54, 2017-03-21 16:15:00, 2017-03-21 16:15:00,G, 13.50, ,75060453291, 340
405.38, 2017-05-29 12:26:00, 2017-05-29 12:26:00,K, 47.53, 133,67090840581, 341
201.03, 2017-05-05 15:36:00, 2017-05-05 15:36:00,K, 23.78, ,60050626782, 342
291.36, 2017-06-15 11:16:00, 2017-06-15 11:16:00,G, 22.45, ,72100420615, 343
165.86, 2017-08-22 10:49:00, 2017-08-22 10:49:00,K, 13.18, 139,64032702745, 344
247.47, 2017-05-06 17:40:00, 2017-05-06 17:40:00,K, 29.04, ,58051177819, 345
78.07, 2016-05-19 13:55:00, 2016-05-19 13:55:00,K, 6.25, 86,58110353530, 346
217.09, 2017-07-11 13:48:00, 2017-07-11 13:48:00,G, 27.55, 13,90101522433, 347
60.86, 2016-10-22 17:05:00, 2016-10-22 17:05:00,K, 7.46, ,81051487408, 348
109.53, 2017-01-24 11:23:00, 2017-01-24 11:23:00,K, 9.57, ,64070444454, 349
77.85, 2017-07-29 14:31:00, 2017-07-29 14:31:00,G, 5.94, 113,90101522433, 350
409.00, 2017-07-04 19:54:00, 2017-07-04 19:54:00,G, 55.02, 120,67090840581, 351
107.95, 2017-08-29 12:21:00, 2017-08-29 12:21:00,G, 8.51, ,90091940110, 352
110.45, 2015-06-11 15:48:00, 2015-06-11 15:48:00,G, 10.84, ,90091940110, 353
14.67, 2017-08-06 16:00:00, 2017-08-06 16:00:00,G, 1.45, ,57111780178, 354
61.64, 2017-06-07 12:28:00, 2017-06-07 12:28:00,K, 6.67, 82,64070444454, 355
69.22, 2017-04-29 19:49:00, 2017-04-29 19:49:00,G, 7.20, 29,57111780178, 356
40.12, 2017-04-25 18:48:00, 2017-04-25 18:48:00,K, 2.79, 41,81051487408, 357
216.06, 2017-08-11 11:07:00, 2017-08-11 11:07:00,G, 18.04, ,58051177819, 358
134.77, 2017-04-02 09:16:00, 2017-04-02 09:16:00,K, 10.57, 70,60050626782, 359
135.32, 2017-01-15 12:47:00, 2017-01-15 12:47:00,K, 11.77, ,58110353530, 360
277.07, 2015-11-01 16:43:00, 2015-11-01 16:43:00,K, 38.79, 148,75060453291, 361
233.04, 2017-08-21 12:41:00, 2017-08-21 12:41:00,K, 22.64, 35,50091366336, 362
77.01, 2017-09-06 09:24:00, 2017-09-06 09:24:00,K, 6.19, 6,64032702745, 363
73.10, 2017-06-25 14:06:00, 2017-06-25 14:06:00,K, 8.60, ,60050626782, 364
51.26, 2017-08-25 11:28:00, 2017-08-25 11:28:00,G, 4.14, ,66052140831, 365
23.71, 2016-07-21 17:08:00, 2016-07-21 17:08:00,K, 1.91, 63,89032486684, 366
120.40, 2017-01-08 20:34:00, 2017-01-08 20:34:00,K, 13.16, 131,58110353530, 367
42.51, 2015-04-01 20:18:00, 2015-04-01 20:18:00,K, 5.21, ,89032486684, 368
288.86, 2017-03-30 12:42:00, 2017-03-30 12:42:00,G, 39.06, 48,90101522433, 369
39.48, 2015-12-03 10:47:00, 2015-12-03 10:47:00,K, 4.38, ,81051487408, 370
26.18, 2016-08-11 20:28:00, 2016-08-11 20:28:00,K, 2.35, ,58110353530, 371
100.81, 2015-02-25 20:55:00, 2015-02-25 20:55:00,G, 9.75, ,75060453291, 372
47.65, 2015-09-22 09:10:00, 2015-09-22 09:10:00,G, 4.63, ,81051487408, 373
107.00, 2016-12-14 13:55:00, 2016-12-14 13:55:00,K, 10.33, ,58110353530, 374
95.49, 2017-07-28 11:43:00, 2017-07-28 11:43:00,K, 6.94, 39,58051177819, 375
98.10, 2017-09-27 15:37:00, 2017-09-27 15:37:00,K, 13.39, ,60050626782, 376
21.16, 2017-09-07 20:27:00, 2017-09-07 20:27:00,G, 2.06, 134,66052140831, 377
295.30, 2017-07-21 20:52:00, 2017-07-21 20:52:00,G, 33.90, ,60050626782, 378
281.92, 2017-09-06 15:49:00, 2017-09-06 15:49:00,G, 32.42, ,67090840581, 379
53.38, 2017-07-24 16:25:00, 2017-07-24 16:25:00,K, 4.28, 3,57111780178, 380
105.77, 2017-06-14 11:20:00, 2017-06-14 11:20:00,K, 13.50, ,66052140831, 381
372.49, 2014-01-27 15:59:00, 2014-01-27 15:59:00,G, 44.43, ,89032486684, 382
106.83, 2017-05-04 20:09:00, 2017-05-04 20:09:00,K, 8.36, ,57111780178, 383
126.47, 2017-03-23 12:12:00, 2017-03-23 12:12:00,G, 11.75, ,58051177819, 384
422.55, 2017-10-14 17:09:00, 2017-10-14 17:09:00,K, 52.94, 66,64032702745, 385
130.78, 2017-07-04 09:50:00, 2017-07-04 09:50:00,K, 14.34, ,60050626782, 386
138.46, 2017-08-02 17:33:00, 2017-08-02 17:33:00,G, 14.85, 71,64032702745, 387
47.15, 2016-05-23 16:25:00, 2016-05-23 16:25:00,K, 5.10, ,81051487408, 388
105.97, 2016-06-16 10:19:00, 2016-06-16 10:19:00,K, 12.06, ,56041331582, 389
191.96, 2017-02-23 17:25:00, 2017-02-23 17:25:00,G, 19.40, 103,72100420615, 390
47.20, 2015-04-11 09:41:00, 2015-04-11 09:41:00,G, 5.84, 6,50091366336, 391
89.57, 2016-04-26 12:26:00, 2016-04-26 12:26:00,G, 10.55, ,90101522433, 392
95.11, 2017-09-13 14:28:00, 2017-09-13 14:28:00,K, 11.86, 107,72100420615, 393
135.44, 2017-08-11 15:49:00, 2017-08-11 15:49:00,G, 17.04, 83,58051177819, 394
317.50, 2017-05-31 09:55:00, 2017-05-31 09:55:00,K, 40.53, 48,64032702745, 395
548.61, 2017-03-06 19:48:00, 2017-03-06 19:48:00,G, 61.51, ,89032486684, 396
86.26, 2017-10-20 19:12:00, 2017-10-20 19:12:00,G, 10.32, 71,58051177819, 397
289.57, 2016-08-16 20:27:00, 2016-08-16 20:27:00,G, 31.40, 93,75060453291, 398
91.76, 2017-06-17 12:47:00, 2017-06-17 12:47:00,K, 8.03, ,60050626782, 399
264.79, 2015-08-03 12:21:00, 2015-08-03 12:21:00,K, 27.24, 126,81051487408, 400
47.25, 2014-07-06 20:02:00, 2014-07-06 20:02:00,K, 4.68, ,75060453291, 401
208.25, 2017-04-23 10:54:00, 2017-04-23 10:54:00,G, 21.23, ,64070444454, 402
286.09, 2017-09-03 20:24:00, 2017-09-03 20:24:00,G, 22.66, 62,56041331582, 403
375.67, 2017-10-28 12:08:00, 2017-10-28 12:08:00,G, 35.83, 85,58051177819, 404
35.53, 2017-04-12 19:06:00, 2017-04-12 19:06:00,G, 3.01, 52,60050626782, 405
98.62, 2017-02-13 12:55:00, 2017-02-13 12:55:00,G, 10.40, 84,58051177819, 406
43.29, 2017-04-21 11:35:00, 2017-04-21 11:35:00,K, 5.47, 87,60050626782, 407
73.10, 2014-12-07 13:05:00, 2014-12-07 13:05:00,G, 9.60, ,56041331582, 408
161.57, 2015-07-30 12:50:00, 2015-07-30 12:50:00,G, 17.83, 93,89032486684, 409
174.41, 2014-03-07 17:37:00, 2014-03-07 17:37:00,G, 14.28, ,50091366336, 410
67.18, 2016-08-20 19:44:00, 2016-08-20 19:44:00,G, 7.94, 129,50091366336, 411
136.60, 2017-03-23 19:58:00, 2017-03-23 19:58:00,G, 14.92, ,64070444454, 412
308.14, 2017-10-13 16:35:00, 2017-10-13 16:35:00,G, 34.80, ,72100420615, 413
75.45, 2016-01-24 10:06:00, 2016-01-24 10:06:00,G, 5.66, 31,89032486684, 414
36.70, 2017-03-21 20:19:00, 2017-03-21 20:19:00,G, 4.61, 96,67090840581, 415
57.49, 2017-08-14 14:42:00, 2017-08-14 14:42:00,K, 5.15, 103,66052140831, 416
153.09, 2015-07-31 18:51:00, 2015-07-31 18:51:00,G, 16.38, ,81051487408, 417
181.95, 2015-03-04 12:15:00, 2015-03-04 12:15:00,G, 15.41, 80,90091940110, 418
75.51, 2016-04-14 10:37:00, 2016-04-14 10:37:00,K, 6.71, ,75060453291, 419
514.59, 2017-05-30 17:29:00, 2017-05-30 17:29:00,K, 66.34, 75,60050626782, 420
10.90, 2017-06-26 18:32:00, 2017-06-26 18:32:00,K, 1.48, ,56041331582, 421
70.64, 2017-06-27 11:00:00, 2017-06-27 11:00:00,G, 6.43, 125,56041331582, 422
271.61, 2016-02-17 14:22:00, 2016-02-17 14:22:00,G, 28.03, ,90101522433, 423
24.22, 2014-03-05 17:52:00, 2014-03-05 17:52:00,K, 2.76, ,81051487408, 424
17.88, 2015-06-04 16:29:00, 2015-06-04 16:29:00,K, 1.56, ,56041331582, 425
90.72, 2017-02-01 14:40:00, 2017-02-01 14:40:00,K, 12.37, ,57111780178, 426
27.35, 2017-03-18 10:20:00, 2017-03-18 10:20:00,K, 2.74, ,64070444454, 427
20.73, 2016-07-05 15:49:00, 2016-07-05 15:49:00,K, 1.90, ,56041331582, 428
62.30, 2017-02-15 15:18:00, 2017-02-15 15:18:00,K, 6.85, 82,57111780178, 429
387.52, 2017-09-09 17:34:00, 2017-09-09 17:34:00,G, 49.06, 76,66052140831, 430
257.40, 2017-06-04 13:35:00, 2017-06-04 13:35:00,K, 20.24, 51,64070444454, 431
83.74, 2017-09-28 19:59:00, 2017-09-28 19:59:00,G, 9.68, 52,60050626782, 432
261.38, 2016-09-18 09:53:00, 2016-09-18 09:53:00,K, 22.87, ,57111780178, 433
90.85, 2017-08-30 09:59:00, 2017-08-30 09:59:00,G, 7.73, ,64032702745, 434
45.98, 2017-05-07 16:50:00, 2017-05-07 16:50:00,K, 6.13, ,60050626782, 435
199.68, 2017-03-29 15:36:00, 2017-03-29 15:36:00,K, 18.12, ,50091366336, 436
112.31, 2013-05-09 11:17:00, 2013-05-09 11:17:00,G, 10.09, 26,50091366336, 437
41.81, 2017-07-12 19:50:00, 2017-07-12 19:50:00,G, 5.07, ,66052140831, 438
55.10, 2015-02-20 17:38:00, 2015-02-20 17:38:00,G, 4.97, ,50091366336, 439
70.57, 2013-10-21 11:40:00, 2013-10-21 11:40:00,G, 5.42, ,50091366336, 440
54.36, 2017-09-25 10:53:00, 2017-09-25 10:53:00,G, 5.44, ,72100420615, 441
374.79, 2014-05-09 09:55:00, 2014-05-09 09:55:00,K, 40.77, 61,81051487408, 442
281.38, 2016-07-19 09:44:00, 2016-07-19 09:44:00,K, 34.46, 80,57111780178, 443
102.70, 2016-10-25 10:38:00, 2016-10-25 10:38:00,K, 10.27, ,64032702745, 444
42.61, 2017-08-09 14:06:00, 2017-08-09 14:06:00,K, 5.63, 5,56041331582, 445
487.19, 2017-03-25 14:06:00, 2017-03-25 14:06:00,K, 42.00, 9,58051177819, 446
144.70, 2017-01-18 09:55:00, 2017-01-18 09:55:00,G, 12.36, ,72100420615, 447
133.14, 2017-04-12 17:14:00, 2017-04-12 17:14:00,G, 10.04, 133,75060453291, 448
324.55, 2017-09-27 16:06:00, 2017-09-27 16:06:00,G, 36.69, ,64070444454, 449
306.23, 2017-09-14 12:30:00, 2017-09-14 12:30:00,G, 23.88, 141,66052140831, 450
243.24, 2017-07-02 17:14:00, 2017-07-02 17:14:00,G, 25.92, ,72100420615, 451
117.85, 2017-07-10 16:59:00, 2017-07-10 16:59:00,G, 9.88, 61,90091940110, 452
451.85, 2016-03-11 19:56:00, 2016-03-11 19:56:00,K, 47.61, ,56041331582, 453
143.39, 2017-07-17 11:29:00, 2017-07-17 11:29:00,K, 13.69, 34,66052140831, 454
246.21, 2016-12-14 14:07:00, 2016-12-14 14:07:00,G, 25.17, ,57111780178, 455
403.96, 2015-08-26 14:50:00, 2015-08-26 14:50:00,K, 35.57, ,75060453291, 456
42.60, 2015-06-17 11:18:00, 2015-06-17 11:18:00,G, 4.83, ,81051487408, 457
24.52, 2015-06-03 15:08:00, 2015-06-03 15:08:00,G, 2.75, ,81051487408, 458
125.90, 2017-03-12 18:50:00, 2017-03-12 18:50:00,G, 10.61, 128,64032702745, 459
173.97, 2016-09-23 12:39:00, 2016-09-23 12:39:00,K, 18.16, 91,67090840581, 460
70.83, 2016-12-20 19:15:00, 2016-12-20 19:15:00,G, 6.72, ,90101522433, 461
240.85, 2017-08-23 09:06:00, 2017-08-23 09:06:00,K, 28.01, 122,66052140831, 462
62.38, 2017-07-18 10:09:00, 2017-07-18 10:09:00,K, 5.83, 147,64032702745, 463
90.53, 2014-12-14 17:06:00, 2014-12-14 17:06:00,G, 12.18, ,56041331582, 464
198.25, 2017-09-11 18:51:00, 2017-09-11 18:51:00,G, 16.22, 136,57111780178, 465
408.91, 2017-07-06 16:20:00, 2017-07-06 16:20:00,K, 47.86, ,90101522433, 466
147.04, 2016-10-15 09:05:00, 2016-10-15 09:05:00,G, 19.33, ,89032486684, 467
144.81, 2014-11-20 18:15:00, 2014-11-20 18:15:00,K, 13.48, 20,90091940110, 468
222.47, 2016-11-27 09:31:00, 2016-11-27 09:31:00,K, 21.31, 7,81051487408, 469
162.19, 2017-03-21 09:21:00, 2017-03-21 09:21:00,G, 17.35, ,60050626782, 470
252.98, 2016-02-21 13:04:00, 2016-02-21 13:04:00,K, 19.96, ,90101522433, 471
44.07, 2017-06-04 15:36:00, 2017-06-04 15:36:00,G, 5.19, ,57111780178, 472
24.21, 2017-04-08 19:51:00, 2017-04-08 19:51:00,K, 2.65, 54,60050626782, 473
39.93, 2017-10-07 09:32:00, 2017-10-07 09:32:00,G, 4.38, ,64070444454, 474
286.95, 2017-05-13 13:52:00, 2017-05-13 13:52:00,K, 19.45, 76,67090840581, 475
413.74, 2015-09-03 16:09:00, 2015-09-03 16:09:00,K, 41.73, ,89032486684, 476
197.58, 2017-06-12 19:14:00, 2017-06-12 19:14:00,K, 21.08, ,90101522433, 477
154.09, 2017-05-07 15:50:00, 2017-05-07 15:50:00,K, 15.56, ,75060453291, 478
167.74, 2017-10-30 16:30:00, 2017-10-30 16:30:00,K, 15.94, ,66052140831, 479
149.54, 2014-04-24 09:07:00, 2014-04-24 09:07:00,K, 14.55, ,75060453291, 480
159.29, 2017-09-15 11:12:00, 2017-09-15 11:12:00,K, 15.32, 52,75060453291, 481
298.89, 2016-11-17 17:04:00, 2016-11-17 17:04:00,G, 34.00, ,72100420615, 482
28.43, 2017-09-18 17:24:00, 2017-09-18 17:24:00,G, 2.51, 30,56041331582, 483
298.21, 2017-08-18 13:18:00, 2017-08-18 13:18:00,G, 29.53, 55,64070444454, 484
305.19, 2016-04-17 12:33:00, 2016-04-17 12:33:00,G, 25.39, 104,56041331582, 485
219.67, 2017-02-23 19:50:00, 2017-02-23 19:50:00,G, 19.70, 11,67090840581, 486
146.96, 2016-11-23 17:39:00, 2016-11-23 17:39:00,K, 16.33, ,81051487408, 487
230.15, 2017-06-30 15:32:00, 2017-06-30 15:32:00,G, 23.49, 136,72100420615, 488
107.94, 2017-05-04 19:37:00, 2017-05-04 19:37:00,K, 7.82, ,60050626782, 489
177.49, 2017-08-07 14:31:00, 2017-08-07 14:31:00,G, 15.11, 144,81051487408, 490
147.60, 2014-11-15 16:09:00, 2014-11-15 16:09:00,G, 15.74, 40,90091940110, 491
36.89, 2015-12-29 19:29:00, 2015-12-29 19:29:00,K, 3.35, 113,58110353530, 492
15.27, 2016-12-06 10:00:00, 2016-12-06 10:00:00,K, 2.00, 34,57111780178, 493
144.02, 2017-03-04 18:54:00, 2017-03-04 18:54:00,K, 17.11, ,90101522433, 494
278.86, 2016-06-28 11:28:00, 2016-06-28 11:28:00,G, 28.20, ,90101522433, 495
86.36, 2015-06-20 18:09:00, 2015-06-20 18:09:00,K, 6.54, ,90091940110, 496
77.53, 2017-04-14 09:14:00, 2017-04-14 09:14:00,G, 7.14, ,90091940110, 497
62.92, 2014-04-27 15:49:00, 2014-04-27 15:49:00,G, 7.79, ,81051487408, 498
50.07, 2017-05-20 16:14:00, 2017-05-20 16:14:00,G, 4.30, ,60050626782, 499
76.37, 2016-12-08 14:50:00, 2016-12-08 14:50:00,G, 8.28, 81,64032702745, 500
414.84, 2017-06-03 12:41:00, 2017-06-03 12:41:00,K, 39.18, 12,62072086812, 501
288.24, 2016-08-15 19:20:00, 2016-08-15 19:20:00,G, 27.90, ,50091366336, 502
75.33, 2017-10-09 17:51:00, 2017-10-09 17:51:00,G, 6.14, 49,68021652369, 503
265.57, 2017-09-24 19:07:00, 2017-09-24 19:07:00,G, 27.04, ,72100420615, 504
21.34, 2016-09-26 16:13:00, 2016-09-26 16:13:00,G, 2.53, 37,57111780178, 505
171.28, 2017-04-29 20:50:00, 2017-04-29 20:50:00,G, 14.89, ,67090840581, 506
155.61, 2016-11-02 09:20:00, 2016-11-02 09:20:00,G, 12.73, 142,67090110811, 507
247.36, 2014-04-07 10:32:00, 2014-04-07 10:32:00,G, 31.85, 165,81051487408, 508
129.43, 2014-08-21 09:52:00, 2014-08-21 09:52:00,G, 14.08, 240,50091366336, 509
138.21, 2015-04-20 11:30:00, 2015-04-20 11:30:00,G, 12.20, ,75060453291, 510
147.62, 2017-09-20 09:44:00, 2017-09-20 09:44:00,K, 14.35, ,58051177819, 511
85.77, 2017-04-23 12:17:00, 2017-04-23 12:17:00,K, 9.11, 96,60050626782, 512
259.42, 2015-11-26 15:06:00, 2015-11-26 15:06:00,K, 23.40, ,68021652369, 513
152.11, 2017-06-09 14:44:00, 2017-06-09 14:44:00,K, 14.87, 109,67090110811, 514
556.51, 2017-04-23 11:30:00, 2017-04-23 11:30:00,K, 38.38, ,75060453291, 515
44.20, 2017-04-23 11:09:00, 2017-04-23 11:09:00,G, 4.26, ,67090840581, 516
39.12, 2015-10-19 11:40:00, 2015-10-19 11:40:00,G, 3.28, ,81051487408, 517
285.08, 2017-05-01 14:50:00, 2017-05-01 14:50:00,K, 20.15, ,90091940110, 518
126.59, 2017-08-10 13:22:00, 2017-08-10 13:22:00,G, 14.48, 233,60050626782, 519
234.96, 2017-06-01 19:24:00, 2017-06-01 19:24:00,K, 26.23, ,70021183480, 520
254.99, 2015-10-05 10:22:00, 2015-10-05 10:22:00,G, 21.36, ,96050571111, 521
62.23, 2017-06-15 11:41:00, 2017-06-15 11:41:00,G, 6.41, ,67090840581, 522
232.36, 2017-01-10 10:05:00, 2017-01-10 10:05:00,G, 29.80, ,70021183480, 523
181.03, 2017-09-07 13:14:00, 2017-09-07 13:14:00,G, 20.41, ,86081206100, 524
284.43, 2016-10-25 13:06:00, 2016-10-25 13:06:00,G, 36.38, ,67090840581, 525
240.96, 2015-12-24 18:17:00, 2015-12-24 18:17:00,G, 25.07, 235,81051487408, 526
40.62, 2017-10-10 12:36:00, 2017-10-10 12:36:00,G, 4.47, 192,90091940110, 527
220.38, 2017-09-18 11:54:00, 2017-09-18 11:54:00,K, 19.43, 90,90101522433, 528
266.66, 2017-09-11 13:12:00, 2017-09-11 13:12:00,K, 30.67, ,86081206100, 529
302.36, 2017-01-06 13:41:00, 2017-01-06 13:41:00,K, 25.02, ,68021652369, 530
126.15, 2013-11-04 11:05:00, 2013-11-04 11:05:00,G, 11.63, 56,53080135197, 531
109.96, 2017-08-13 17:57:00, 2017-08-13 17:57:00,G, 13.01, ,67090840581, 532
217.21, 2016-09-06 15:00:00, 2016-09-06 15:00:00,G, 15.41, ,64032702745, 533
139.76, 2015-08-18 18:44:00, 2015-08-18 18:44:00,G, 13.48, ,62072086812, 534
346.51, 2017-05-30 14:35:00, 2017-05-30 14:35:00,G, 42.94, 103,86081206100, 535
81.81, 2016-08-13 18:49:00, 2016-08-13 18:49:00,G, 8.63, ,75060453291, 536
201.66, 2017-09-06 13:50:00, 2017-09-06 13:50:00,K, 17.82, 197,58051177819, 537
265.42, 2016-09-06 12:00:00, 2016-09-06 12:00:00,K, 24.06, 223,67090840581, 538
177.46, 2014-01-23 17:56:00, 2014-01-23 17:56:00,K, 13.94, ,89032486684, 539
242.71, 2016-02-19 20:43:00, 2016-02-19 20:43:00,K, 30.48, 169,81051487408, 540
109.24, 2015-11-30 15:45:00, 2015-11-30 15:45:00,G, 11.98, 156,50091366336, 541
14.66, 2017-09-30 09:44:00, 2017-09-30 09:44:00,G, 1.29, ,56041331582, 542
107.96, 2016-03-23 11:04:00, 2016-03-23 11:04:00,G, 12.01, 250,90091940110, 543
122.19, 2015-12-05 17:19:00, 2015-12-05 17:19:00,K, 10.46, 43,89032486684, 544
171.88, 2015-02-06 09:52:00, 2015-02-06 09:52:00,K, 14.95, ,90091940110, 545
91.24, 2017-06-16 15:21:00, 2017-06-16 15:21:00,K, 8.45, ,64070444454, 546
148.27, 2017-09-26 10:03:00, 2017-09-26 10:03:00,K, 16.75, ,66052140831, 547
336.70, 2016-04-11 16:47:00, 2016-04-11 16:47:00,G, 35.56, 138,75060453291, 548
132.07, 2016-12-17 20:21:00, 2016-12-17 20:21:00,K, 14.41, ,58110353530, 549
109.90, 2017-01-06 12:36:00, 2017-01-06 12:36:00,K, 9.94, ,67090840581, 550
140.93, 2016-08-12 16:40:00, 2016-08-12 16:40:00,G, 17.26, 206,96050571111, 551
15.37, 2017-03-07 13:09:00, 2017-03-07 13:09:00,K, 1.31, ,96050571111, 552
61.18, 2017-07-14 18:58:00, 2017-07-14 18:58:00,K, 7.12, 31,58051177819, 553
343.52, 2015-08-28 17:59:00, 2015-08-28 17:59:00,K, 36.97, 25,81051487408, 554
117.12, 2016-10-21 18:20:00, 2016-10-21 18:20:00,K, 15.98, ,67090840581, 555
165.78, 2017-09-10 10:15:00, 2017-09-10 10:15:00,G, 13.21, ,81051487408, 556
99.51, 2017-02-05 13:53:00, 2017-02-05 13:53:00,G, 8.95, ,67090840581, 557
32.04, 2016-03-29 20:57:00, 2016-03-29 20:57:00,K, 3.14, 205,58110353530, 558
97.59, 2017-08-11 13:59:00, 2017-08-11 13:59:00,G, 8.86, 238,64070444454, 559
95.71, 2017-06-05 14:21:00, 2017-06-05 14:21:00,G, 8.49, ,66052140831, 560
178.99, 2017-06-21 09:01:00, 2017-06-21 09:01:00,K, 20.24, 164,66052140831, 561
48.55, 2017-10-29 17:42:00, 2017-10-29 17:42:00,G, 6.67, ,66052140831, 562
81.27, 2017-02-02 09:52:00, 2017-02-02 09:52:00,K, 12.09, 218,58110353530, 563
116.95, 2016-12-21 15:40:00, 2016-12-21 15:40:00,K, 14.18, ,57111780178, 564
171.04, 2014-01-15 16:11:00, 2014-01-15 16:11:00,G, 17.26, ,81051487408, 565
272.93, 2014-04-28 13:30:00, 2014-04-28 13:30:00,K, 19.89, ,81051487408, 566
153.87, 2016-09-18 13:17:00, 2016-09-18 13:17:00,G, 20.76, 136,90101522433, 567
163.61, 2015-06-07 12:11:00, 2015-06-07 12:11:00,K, 15.58, ,75060453291, 568
122.72, 2014-12-30 17:50:00, 2014-12-30 17:50:00,K, 14.46, 65,70021183480, 569
32.29, 2016-07-19 11:29:00, 2016-07-19 11:29:00,G, 3.83, 139,75060453291, 570
137.76, 2015-11-29 13:19:00, 2015-11-29 13:19:00,K, 13.14, 147,75060453291, 571
126.04, 2017-07-31 14:04:00, 2017-07-31 14:04:00,K, 17.98, ,72100420615, 572
16.09, 2016-05-23 14:29:00, 2016-05-23 14:29:00,K, 1.80, ,89032486684, 573
216.05, 2016-05-06 11:26:00, 2016-05-06 11:26:00,K, 16.36, 107,68021652369, 574
273.76, 2014-10-22 17:55:00, 2014-10-22 17:55:00,G, 27.89, 95,50091366336, 575
39.77, 2017-07-14 10:08:00, 2017-07-14 10:08:00,K, 3.98, 211,75060453291, 576
252.46, 2015-09-02 19:11:00, 2015-09-02 19:11:00,G, 20.51, ,58110353530, 577
125.81, 2017-09-14 16:37:00, 2017-09-14 16:37:00,K, 9.97, ,50091366336, 578
193.41, 2015-06-01 19:47:00, 2015-06-01 19:47:00,G, 18.29, 18,70021183480, 579
54.80, 2014-04-11 20:16:00, 2014-04-11 20:16:00,K, 6.47, 240,70021183480, 580
53.46, 2017-09-02 14:11:00, 2017-09-02 14:11:00,G, 6.37, ,60050626782, 581
146.38, 2016-03-30 17:25:00, 2016-03-30 17:25:00,G, 12.95, 66,96050571111, 582
121.45, 2016-01-28 11:24:00, 2016-01-28 11:24:00,G, 8.52, 42,90101522433, 583
182.19, 2017-03-24 12:22:00, 2017-03-24 12:22:00,G, 18.05, ,72100420615, 584
343.60, 2015-08-09 18:49:00, 2015-08-09 18:49:00,G, 40.95, 249,75060453291, 585
185.70, 2015-11-04 09:38:00, 2015-11-04 09:38:00,K, 16.75, ,58110353530, 586
73.90, 2016-10-03 13:27:00, 2016-10-03 13:27:00,K, 7.73, 139,90101522433, 587
458.05, 2017-07-01 13:05:00, 2017-07-01 13:05:00,K, 54.18, ,90101522433, 588
80.04, 2016-12-20 20:18:00, 2016-12-20 20:18:00,G, 7.93, ,72100420615, 589
252.93, 2016-10-31 12:26:00, 2016-10-31 12:26:00,K, 23.31, 220,57111780178, 590
146.61, 2017-04-10 17:59:00, 2017-04-10 17:59:00,G, 21.28, ,64070444454, 591
139.31, 2017-01-19 18:46:00, 2017-01-19 18:46:00,K, 19.01, ,58110353530, 592
52.80, 2015-12-02 16:41:00, 2015-12-02 16:41:00,G, 6.81, ,56041331582, 593
7.90, 2016-09-06 18:28:00, 2016-09-06 18:28:00,G, 0.86, 22,86081206100, 594
129.58, 2014-03-04 10:54:00, 2014-03-04 10:54:00,G, 16.96, ,81051487408, 595
78.47, 2017-10-12 17:18:00, 2017-10-12 17:18:00,K, 6.92, 160,60050626782, 596
117.56, 2014-12-08 09:00:00, 2014-12-08 09:00:00,G, 16.61, ,70021183480, 597
282.55, 2016-08-25 09:34:00, 2016-08-25 09:34:00,G, 24.47, ,62072086812, 598
138.55, 2017-05-17 15:34:00, 2017-05-17 15:34:00,G, 12.42, 17,60050626782, 599
191.13, 2016-10-02 10:16:00, 2016-10-02 10:16:00,G, 26.04, ,57111780178, 600
112.95, 2017-08-20 11:09:00, 2017-08-20 11:09:00,G, 11.30, ,57111780178, 601
346.66, 2016-06-12 09:01:00, 2016-06-12 09:01:00,K, 35.01, 98,69040663462, 602
215.27, 2016-10-24 10:14:00, 2016-10-24 10:14:00,K, 19.68, 95,57111780178, 603
180.83, 2016-02-11 11:27:00, 2016-02-11 11:27:00,K, 13.68, ,68021652369, 604
81.99, 2014-12-10 09:25:00, 2014-12-10 09:25:00,K, 7.86, ,56041331582, 605
258.60, 2017-10-18 14:03:00, 2017-10-18 14:03:00,G, 25.42, 32,62072086812, 606
24.89, 2017-04-19 11:57:00, 2017-04-19 11:57:00,G, 2.34, ,58051177819, 607
250.30, 2016-07-12 09:32:00, 2016-07-12 09:32:00,G, 31.22, ,81051487408, 608
230.07, 2017-02-20 15:35:00, 2017-02-20 15:35:00,K, 23.01, ,56041331582, 609
56.69, 2016-11-26 18:06:00, 2016-11-26 18:06:00,K, 5.45, 211,67090840581, 610
197.02, 2017-02-04 12:30:00, 2017-02-04 12:30:00,K, 22.14, 214,69040663462, 611
25.57, 2017-07-07 18:12:00, 2017-07-07 18:12:00,K, 2.32, ,70021183480, 612
387.72, 2015-01-30 20:53:00, 2015-01-30 20:53:00,G, 53.08, ,68021652369, 613
32.29, 2016-03-28 12:35:00, 2016-03-28 12:35:00,K, 3.91, ,70021183480, 614
88.34, 2016-10-10 19:46:00, 2016-10-10 19:46:00,G, 8.83, ,90101522433, 615
58.03, 2017-06-02 19:53:00, 2017-06-02 19:53:00,G, 4.95, ,68021652369, 616
285.11, 2015-07-06 19:54:00, 2015-07-06 19:54:00,K, 31.33, 42,70021183480, 617
58.62, 2017-10-18 20:21:00, 2017-10-18 20:21:00,K, 5.22, ,58051177819, 618
119.58, 2017-05-31 11:34:00, 2017-05-31 11:34:00,G, 17.27, ,58051177819, 619
217.22, 2016-08-22 12:35:00, 2016-08-22 12:35:00,G, 16.06, 234,70021183480, 620
5.10, 2017-04-01 19:13:00, 2017-04-01 19:13:00,G, 0.49, 93,67090840581, 621
203.25, 2014-05-16 12:36:00, 2014-05-16 12:36:00,K, 15.24, ,89032486684, 622
199.77, 2017-02-11 19:14:00, 2017-02-11 19:14:00,K, 20.56, ,62072086812, 623
96.82, 2017-09-11 10:24:00, 2017-09-11 10:24:00,K, 7.57, ,58110353530, 624
141.64, 2016-10-12 19:24:00, 2016-10-12 19:24:00,K, 18.78, ,89032486684, 625
71.41, 2014-05-19 12:33:00, 2014-05-19 12:33:00,G, 6.57, 49,89032486684, 626
20.26, 2015-01-19 16:29:00, 2015-01-19 16:29:00,K, 1.66, ,75060453291, 627
45.58, 2017-06-05 20:35:00, 2017-06-05 20:35:00,G, 5.58, ,60050626782, 628
186.70, 2016-09-05 11:41:00, 2016-09-05 11:41:00,G, 21.48, ,89032486684, 629
119.03, 2017-03-31 12:34:00, 2017-03-31 12:34:00,K, 11.56, 208,64070444454, 630
219.04, 2015-12-01 20:05:00, 2015-12-01 20:05:00,K, 21.14, 184,58110353530, 631
89.46, 2016-02-18 20:38:00, 2016-02-18 20:38:00,K, 8.45, 29,70021183480, 632
219.23, 2017-03-21 13:47:00, 2017-03-21 13:47:00,G, 31.70, ,53080135197, 633
274.51, 2017-04-09 09:22:00, 2017-04-09 09:22:00,K, 19.67, 116,90101522433, 634
262.72, 2016-12-01 16:01:00, 2016-12-01 16:01:00,K, 24.71, 40,96050571111, 635
47.69, 2015-12-31 11:05:00, 2015-12-31 11:05:00,K, 4.99, 183,68021652369, 636
75.67, 2015-08-23 12:23:00, 2015-08-23 12:23:00,G, 8.61, 158,62072086812, 637
30.22, 2014-11-21 11:25:00, 2014-11-21 11:25:00,G, 2.99, 191,56041331582, 638
66.17, 2017-01-16 16:38:00, 2017-01-16 16:38:00,G, 6.33, 69,96050571111, 639
8.99, 2014-08-29 13:16:00, 2014-08-29 13:16:00,G, 0.74, ,81051487408, 640
237.33, 2017-03-20 20:46:00, 2017-03-20 20:46:00,K, 23.07, ,72100420615, 641
66.65, 2017-10-14 19:09:00, 2017-10-14 19:09:00,G, 5.62, ,62072086812, 642
17.25, 2017-07-13 12:02:00, 2017-07-13 12:02:00,G, 1.54, ,72100420615, 643
96.49, 2015-10-15 09:06:00, 2015-10-15 09:06:00,G, 10.63, 227,96050571111, 644
72.62, 2017-04-29 09:54:00, 2017-04-29 09:54:00,K, 5.90, 109,72100420615, 645
68.17, 2017-05-24 11:21:00, 2017-05-24 11:21:00,G, 6.82, 20,67090110811, 646
200.42, 2017-01-25 10:38:00, 2017-01-25 10:38:00,G, 21.66, ,64032702745, 647
250.33, 2017-01-09 16:33:00, 2017-01-09 16:33:00,G, 31.94, 107,69040663462, 648
223.83, 2017-05-18 20:49:00, 2017-05-18 20:49:00,G, 15.57, ,67090110811, 649
201.65, 2016-08-22 20:47:00, 2016-08-22 20:47:00,G, 16.93, ,64032702745, 650
429.25, 2017-05-28 20:44:00, 2017-05-28 20:44:00,K, 42.15, 11,70021183480, 651
384.00, 2016-05-02 12:14:00, 2016-05-02 12:14:00,G, 46.69, ,90101522433, 652
75.40, 2016-10-29 12:42:00, 2016-10-29 12:42:00,G, 7.91, 45,57111780178, 653
100.15, 2016-10-29 20:37:00, 2016-10-29 20:37:00,K, 8.89, 19,57111780178, 654
195.29, 2016-03-22 11:05:00, 2016-03-22 11:05:00,K, 21.39, 160,90101522433, 655
479.67, 2014-08-07 12:30:00, 2014-08-07 12:30:00,G, 41.85, 197,53080135197, 656
106.57, 2017-08-11 17:13:00, 2017-08-11 17:13:00,K, 12.96, ,66052140831, 657
108.55, 2015-05-08 11:15:00, 2015-05-08 11:15:00,G, 11.35, 134,90091940110, 658
323.82, 2017-10-24 12:04:00, 2017-10-24 12:04:00,G, 32.38, ,64070444454, 659
197.76, 2017-05-10 18:34:00, 2017-05-10 18:34:00,K, 19.78, 62,68021652369, 660
80.06, 2015-03-24 13:09:00, 2015-03-24 13:09:00,K, 7.79, ,81051487408, 661
64.31, 2016-04-04 16:13:00, 2016-04-04 16:13:00,K, 5.89, 165,62072086812, 662
72.01, 2017-02-18 11:56:00, 2017-02-18 11:56:00,G, 6.05, 181,50091366336, 663
85.15, 2016-11-20 16:40:00, 2016-11-20 16:40:00,K, 6.93, ,53080135197, 664
296.63, 2017-03-20 09:02:00, 2017-03-20 09:02:00,G, 24.01, 17,60050626782, 665
61.07, 2015-09-11 09:12:00, 2015-09-11 09:12:00,G, 4.11, 140,62072086812, 666
93.83, 2016-03-22 14:46:00, 2016-03-22 14:46:00,K, 9.68, ,50091366336, 667
63.22, 2016-11-17 10:28:00, 2016-11-17 10:28:00,K, 7.45, ,81051487408, 668
117.39, 2017-01-23 19:10:00, 2017-01-23 19:10:00,G, 12.98, ,81051487408, 669
203.65, 2013-12-16 09:48:00, 2013-12-16 09:48:00,K, 22.04, 223,53080135197, 670
469.71, 2015-07-22 09:08:00, 2015-07-22 09:08:00,G, 46.97, ,75060453291, 671
103.87, 2017-10-26 11:16:00, 2017-10-26 11:16:00,G, 9.35, 43,58051177819, 672
173.55, 2017-11-04 10:05:00, 2017-11-04 10:05:00,K, 20.61, 42,90091940110, 673
243.40, 2017-05-11 19:05:00, 2017-05-11 19:05:00,G, 27.71, 144,89032486684, 674
240.99, 2016-01-20 17:43:00, 2016-01-20 17:43:00,K, 21.93, 231,70021183480, 675
151.81, 2017-08-21 09:07:00, 2017-08-21 09:07:00,G, 13.41, 154,70021183480, 676
286.19, 2014-10-05 17:48:00, 2014-10-05 17:48:00,K, 21.22, ,81051487408, 677
18.36, 2017-01-12 15:04:00, 2017-01-12 15:04:00,G, 2.59, ,86081206100, 678
44.83, 2016-07-12 19:29:00, 2016-07-12 19:29:00,G, 4.44, ,58110353530, 679
127.75, 2017-07-21 20:37:00, 2017-07-21 20:37:00,G, 10.79, ,66052140831, 680
164.91, 2015-07-09 16:52:00, 2015-07-09 16:52:00,G, 14.71, ,56041331582, 681
141.33, 2017-05-03 16:15:00, 2017-05-03 16:15:00,K, 12.37, 188,68021652369, 682
43.20, 2016-02-09 14:45:00, 2016-02-09 14:45:00,G, 4.59, 78,69040663462, 683
81.82, 2016-07-15 10:54:00, 2016-07-15 10:54:00,G, 7.61, 38,90091940110, 684
88.53, 2017-03-03 12:53:00, 2017-03-03 12:53:00,K, 8.02, ,64070444454, 685
381.58, 2016-07-16 14:02:00, 2016-07-16 14:02:00,G, 37.83, ,56041331582, 686
273.27, 2017-08-12 20:04:00, 2017-08-12 20:04:00,K, 25.84, 34,70021183480, 687
70.75, 2015-12-08 19:49:00, 2015-12-08 19:49:00,G, 5.47, 68,62072086812, 688
503.83, 2017-02-28 10:51:00, 2017-02-28 10:51:00,G, 54.48, 122,64032702745, 689
106.56, 2017-04-19 13:06:00, 2017-04-19 13:06:00,G, 13.20, ,64032702745, 690
165.67, 2013-10-07 10:39:00, 2013-10-07 10:39:00,G, 16.11, 47,53080135197, 691
183.13, 2017-01-26 15:51:00, 2017-01-26 15:51:00,K, 17.25, ,90101522433, 692
141.09, 2017-07-21 12:57:00, 2017-07-21 12:57:00,G, 12.58, ,67090840581, 693
5.03, 2016-06-22 11:23:00, 2016-06-22 11:23:00,G, 0.40, ,70021183480, 694
187.31, 2015-04-25 13:05:00, 2015-04-25 13:05:00,K, 19.81, ,81051487408, 695
238.75, 2017-03-09 15:55:00, 2017-03-09 15:55:00,K, 22.37, ,58110353530, 696
200.49, 2016-12-23 10:34:00, 2016-12-23 10:34:00,K, 22.42, ,96050571111, 697
97.17, 2016-12-13 10:18:00, 2016-12-13 10:18:00,K, 9.63, ,64032702745, 698
3.61, 2017-08-01 19:41:00, 2017-08-01 19:41:00,G, 0.35, ,90091940110, 699
188.74, 2016-10-08 15:06:00, 2016-10-08 15:06:00,K, 17.66, 74,72100420615, 700
159.02, 2017-09-15 15:11:00, 2017-09-15 15:11:00,G, 14.30, ,86081206100, 701
911.67, 2016-01-18 09:37:00, 2016-01-18 09:37:00,G, 89.54, ,56041331582, 702
169.55, 2017-04-04 18:56:00, 2017-04-04 18:56:00,K, 13.01, 92,62072086812, 703
230.96, 2017-08-30 12:25:00, 2017-08-30 12:25:00,G, 22.59, 165,57111780178, 704
68.61, 2017-10-18 14:11:00, 2017-10-18 14:11:00,K, 5.75, ,66052140831, 705
237.41, 2017-03-22 09:25:00, 2017-03-22 09:25:00,K, 30.16, ,64070444454, 706
151.88, 2014-01-11 12:04:00, 2014-01-11 12:04:00,G, 14.46, ,53080135197, 707
78.93, 2016-05-01 11:09:00, 2016-05-01 11:09:00,K, 7.21, 22,67090110811, 708
32.62, 2017-08-07 12:15:00, 2017-08-07 12:15:00,K, 3.46, ,75060453291, 709
72.72, 2016-06-22 14:32:00, 2016-06-22 14:32:00,G, 8.57, ,58110353530, 710
119.29, 2017-10-17 09:10:00, 2017-10-17 09:10:00,K, 11.79, 119,58110353530, 711
418.23, 2014-07-19 15:03:00, 2014-07-19 15:03:00,G, 51.01, 8,89032486684, 712
336.69, 2017-05-22 16:59:00, 2017-05-22 16:59:00,G, 46.40, 159,72100420615, 713
324.76, 2017-07-23 14:39:00, 2017-07-23 14:39:00,K, 32.18, 174,66052140831, 714
332.05, 2015-05-21 16:31:00, 2015-05-21 16:31:00,K, 34.97, 178,68021652369, 715
210.42, 2017-07-18 09:27:00, 2017-07-18 09:27:00,G, 21.04, 108,64070444454, 716
27.23, 2016-03-04 09:20:00, 2016-03-04 09:20:00,G, 2.58, 222,56041331582, 717
89.30, 2017-02-27 11:21:00, 2017-02-27 11:21:00,K, 11.84, 160,72100420615, 718
40.10, 2017-06-21 10:04:00, 2017-06-21 10:04:00,K, 5.17, ,60050626782, 719
129.34, 2016-02-10 20:14:00, 2016-02-10 20:14:00,G, 12.46, ,50091366336, 720
48.24, 2017-03-09 14:15:00, 2017-03-09 14:15:00,K, 5.02, ,56041331582, 721
123.55, 2016-05-21 19:12:00, 2016-05-21 19:12:00,K, 12.07, 135,90101522433, 722
75.65, 2016-11-16 20:21:00, 2016-11-16 20:21:00,G, 7.34, ,70021183480, 723
307.34, 2015-11-20 14:49:00, 2015-11-20 14:49:00,G, 30.73, 116,90091940110, 724
30.99, 2016-08-03 19:22:00, 2016-08-03 19:22:00,K, 2.80, ,62072086812, 725
258.89, 2015-11-11 19:48:00, 2015-11-11 19:48:00,G, 29.03, ,68021652369, 726
196.99, 2017-01-20 12:07:00, 2017-01-20 12:07:00,G, 20.77, 144,64070444454, 727
201.65, 2014-06-02 17:37:00, 2014-06-02 17:37:00,K, 19.10, 155,53080135197, 728
33.86, 2017-03-08 14:20:00, 2017-03-08 14:20:00,G, 2.78, 176,56041331582, 729
84.61, 2016-05-09 16:02:00, 2016-05-09 16:02:00,G, 10.37, ,62072086812, 730
210.85, 2017-05-16 16:09:00, 2017-05-16 16:09:00,K, 24.13, 167,90091940110, 731
46.96, 2016-12-09 20:48:00, 2016-12-09 20:48:00,K, 5.44, 142,86081206100, 732
170.11, 2017-01-24 20:13:00, 2017-01-24 20:13:00,K, 17.86, ,57111780178, 733
23.20, 2015-11-11 11:44:00, 2015-11-11 11:44:00,G, 2.30, 144,96050571111, 734
223.49, 2017-09-10 19:18:00, 2017-09-10 19:18:00,K, 23.63, ,57111780178, 735
338.56, 2016-08-21 10:45:00, 2016-08-21 10:45:00,K, 46.50, ,90091940110, 736
323.74, 2015-10-15 18:25:00, 2015-10-15 18:25:00,K, 33.50, ,56041331582, 737
135.17, 2016-08-30 12:43:00, 2016-08-30 12:43:00,K, 13.52, 167,67090110811, 738
206.21, 2016-12-20 11:41:00, 2016-12-20 11:41:00,G, 23.12, ,69040663462, 739
62.89, 2017-03-20 14:33:00, 2017-03-20 14:33:00,G, 5.80, ,72100420615, 740
70.18, 2017-09-28 19:45:00, 2017-09-28 19:45:00,G, 7.83, ,96050571111, 741
218.89, 2016-05-25 17:37:00, 2016-05-25 17:37:00,G, 28.46, 206,90101522433, 742
37.12, 2017-03-07 13:47:00, 2017-03-07 13:47:00,G, 4.39, 31,67090840581, 743
297.47, 2015-03-15 12:35:00, 2015-03-15 12:35:00,K, 31.82, 15,75060453291, 744
60.78, 2017-10-05 20:50:00, 2017-10-05 20:50:00,K, 5.01, 124,68021652369, 745
16.61, 2017-03-11 11:06:00, 2017-03-11 11:06:00,K, 1.37, 191,86081206100, 746
127.38, 2017-10-28 20:13:00, 2017-10-28 20:13:00,K, 13.74, 86,90101522433, 747
282.34, 2017-07-22 11:51:00, 2017-07-22 11:51:00,K, 24.82, ,64070444454, 748
145.07, 2015-06-04 09:16:00, 2015-06-04 09:16:00,G, 17.47, ,53080135197, 749
92.61, 2017-08-09 10:57:00, 2017-08-09 10:57:00,K, 8.51, 130,58110353530, 750
214.27, 2017-03-03 20:30:00, 2017-03-03 20:30:00,G, 19.42, ,64070444454, 751
274.48, 2017-05-22 17:37:00, 2017-05-22 17:37:00,G, 27.69, 46,66052140831, 752
196.28, 2017-01-01 19:53:00, 2017-01-01 19:53:00,K, 21.19, 165,50091366336, 753
349.22, 2017-04-02 13:17:00, 2017-04-02 13:17:00,K, 29.55, ,57111780178, 754
162.19, 2016-11-04 13:30:00, 2016-11-04 13:30:00,K, 17.10, 198,81051487408, 755
88.51, 2017-01-28 15:42:00, 2017-01-28 15:42:00,K, 6.99, 25,72100420615, 756
200.15, 2017-10-07 13:50:00, 2017-10-07 13:50:00,K, 18.85, ,60050626782, 757
189.52, 2017-10-09 20:46:00, 2017-10-09 20:46:00,G, 17.54, ,58051177819, 758
273.86, 2017-05-28 17:55:00, 2017-05-28 17:55:00,G, 24.68, ,86081206100, 759
209.43, 2017-06-30 18:38:00, 2017-06-30 18:38:00,G, 25.96, ,68021652369, 760
67.50, 2015-06-06 20:39:00, 2015-06-06 20:39:00,K, 8.61, ,62072086812, 761
17.96, 2016-01-29 14:41:00, 2016-01-29 14:41:00,K, 1.76, ,96050571111, 762
231.61, 2014-04-06 19:55:00, 2014-04-06 19:55:00,K, 17.37, 128,89032486684, 763
45.93, 2015-03-11 12:56:00, 2015-03-11 12:56:00,K, 4.39, 2,81051487408, 764
81.50, 2017-07-01 15:41:00, 2017-07-01 15:41:00,G, 10.99, 43,64070444454, 765
125.48, 2017-04-09 15:55:00, 2017-04-09 15:55:00,G, 13.14, ,58051177819, 766
123.39, 2016-10-25 18:50:00, 2016-10-25 18:50:00,G, 11.24, 43,64032702745, 767
36.31, 2016-11-23 18:43:00, 2016-11-23 18:43:00,K, 3.89, 58,67090110811, 768
54.91, 2017-10-09 15:49:00, 2017-10-09 15:49:00,K, 5.81, ,57111780178, 769
71.68, 2017-04-10 14:26:00, 2017-04-10 14:26:00,G, 5.87, 157,60050626782, 770
298.38, 2017-01-22 13:38:00, 2017-01-22 13:38:00,K, 28.54, 134,64032702745, 771
66.73, 2017-04-23 13:53:00, 2017-04-23 13:53:00,G, 5.28, ,67090110811, 772
82.44, 2015-07-08 20:15:00, 2015-07-08 20:15:00,K, 5.89, ,56041331582, 773
141.87, 2017-10-05 14:55:00, 2017-10-05 14:55:00,G, 12.57, 111,64070444454, 774
105.30, 2017-04-04 18:58:00, 2017-04-04 18:58:00,G, 10.53, 93,64070444454, 775
130.48, 2016-11-19 12:09:00, 2016-11-19 12:09:00,G, 11.84, ,86081206100, 776
197.53, 2017-07-23 14:15:00, 2017-07-23 14:15:00,K, 17.93, ,86081206100, 777
174.58, 2017-04-26 13:57:00, 2017-04-26 13:57:00,K, 25.97, 29,57111780178, 778
80.75, 2014-12-07 18:42:00, 2014-12-07 18:42:00,K, 12.01, ,81051487408, 779
311.76, 2017-08-24 20:18:00, 2017-08-24 20:18:00,G, 29.62, 140,58051177819, 780
488.79, 2017-10-07 20:18:00, 2017-10-07 20:18:00,K, 58.75, 150,68021652369, 781
20.90, 2016-09-22 09:05:00, 2016-09-22 09:05:00,K, 2.66, 104,70021183480, 782
120.54, 2017-05-16 11:52:00, 2017-05-16 11:52:00,G, 15.10, 142,60050626782, 783
181.11, 2014-12-16 19:14:00, 2014-12-16 19:14:00,G, 18.27, ,56041331582, 784
16.62, 2017-09-16 17:40:00, 2017-09-16 17:40:00,G, 1.57, ,89032486684, 785
59.45, 2016-05-28 15:20:00, 2016-05-28 15:20:00,K, 4.72, ,62072086812, 786
236.88, 2016-01-23 17:04:00, 2016-01-23 17:04:00,K, 29.67, 62,70021183480, 787
61.92, 2013-08-16 15:57:00, 2013-08-16 15:57:00,G, 7.64, ,53080135197, 788
316.83, 2016-11-12 13:48:00, 2016-11-12 13:48:00,K, 30.69, ,86081206100, 789
179.18, 2017-10-30 15:04:00, 2017-10-30 15:04:00,G, 19.15, 68,64070444454, 790
92.08, 2017-09-23 18:18:00, 2017-09-23 18:18:00,G, 11.20, ,58110353530, 791
209.93, 2015-09-29 19:30:00, 2015-09-29 19:30:00,G, 19.81, ,69040663462, 792
324.42, 2017-03-12 12:00:00, 2017-03-12 12:00:00,K, 47.85, 237,90101522433, 793
192.36, 2016-01-30 14:23:00, 2016-01-30 14:23:00,G, 21.45, ,56041331582, 794
127.80, 2016-07-18 12:36:00, 2016-07-18 12:36:00,G, 14.21, ,57111780178, 795
29.71, 2013-11-28 17:42:00, 2013-11-28 17:42:00,K, 2.30, 34,53080135197, 796
134.58, 2014-12-26 12:06:00, 2014-12-26 12:06:00,K, 13.12, ,90091940110, 797
273.85, 2017-09-02 15:00:00, 2017-09-02 15:00:00,G, 33.40, ,67090110811, 798
279.64, 2016-08-13 09:31:00, 2016-08-13 09:31:00,G, 24.66, 209,69040663462, 799
215.07, 2015-04-08 19:09:00, 2015-04-08 19:09:00,K, 25.70, ,56041331582, 800
363.78, 2014-06-19 17:51:00, 2014-06-19 17:51:00,G, 32.57, ,70021183480, 801
102.17, 2017-10-13 10:40:00, 2017-10-13 10:40:00,G, 12.19, ,66052140831, 802
192.15, 2015-05-20 19:13:00, 2015-05-20 19:13:00,G, 24.35, ,70021183480, 803
443.62, 2017-02-23 09:25:00, 2017-02-23 09:25:00,G, 62.32, ,90101522433, 804
120.07, 2016-11-18 13:57:00, 2016-11-18 13:57:00,G, 12.01, ,86081206100, 805
101.96, 2017-05-06 18:47:00, 2017-05-06 18:47:00,G, 8.98, 174,68021652369, 806
66.73, 2017-02-02 09:31:00, 2017-02-02 09:31:00,K, 9.93, 47,57111780178, 807
72.83, 2017-03-06 09:15:00, 2017-03-06 09:15:00,G, 8.79, 90,89032486684, 808
195.42, 2016-09-05 10:15:00, 2016-09-05 10:15:00,K, 23.16, ,67090110811, 809
47.74, 2017-02-13 12:22:00, 2017-02-13 12:22:00,K, 4.15, ,58051177819, 810
26.29, 2017-08-29 20:15:00, 2017-08-29 20:15:00,K, 1.84, 142,66052140831, 811
235.15, 2016-09-15 10:01:00, 2016-09-15 10:01:00,K, 32.92, ,86081206100, 812
50.04, 2017-10-01 09:56:00, 2017-10-01 09:56:00,K, 3.84, ,81051487408, 813
77.34, 2016-11-04 17:11:00, 2016-11-04 17:11:00,G, 9.12, 47,72100420615, 814
56.33, 2015-10-18 10:38:00, 2015-10-18 10:38:00,G, 4.39, 97,96050571111, 815
161.04, 2017-01-03 10:32:00, 2017-01-03 10:32:00,K, 17.08, 215,50091366336, 816
217.31, 2016-08-30 11:27:00, 2016-08-30 11:27:00,K, 22.27, 170,90101522433, 817
289.13, 2016-12-10 18:41:00, 2016-12-10 18:41:00,G, 24.36, 58,53080135197, 818
134.89, 2017-02-16 12:21:00, 2017-02-16 12:21:00,K, 11.34, ,64032702745, 819
54.99, 2016-09-01 10:38:00, 2016-09-01 10:38:00,G, 7.03, ,67090110811, 820
77.29, 2016-09-30 09:55:00, 2016-09-30 09:55:00,K, 5.81, 106,67090110811, 821
74.50, 2017-09-24 14:24:00, 2017-09-24 14:24:00,K, 10.22, ,62072086812, 822
224.48, 2017-08-08 11:53:00, 2017-08-08 11:53:00,K, 19.02, ,66052140831, 823
25.77, 2016-02-14 16:45:00, 2016-02-14 16:45:00,K, 2.42, ,96050571111, 824
224.76, 2017-07-24 16:01:00, 2017-07-24 16:01:00,K, 31.41, ,66052140831, 825
121.56, 2017-07-02 11:47:00, 2017-07-02 11:47:00,K, 9.79, ,64070444454, 826
6.07, 2016-12-26 09:13:00, 2016-12-26 09:13:00,K, 0.48, 80,67090840581, 827
38.76, 2017-06-03 16:56:00, 2017-06-03 16:56:00,G, 5.08, 88,96050571111, 828
121.87, 2016-04-30 18:08:00, 2016-04-30 18:08:00,G, 11.55, 195,90101522433, 829
13.95, 2017-03-30 16:06:00, 2017-03-30 16:06:00,G, 1.03, 100,75060453291, 830
776.30, 2017-06-02 10:57:00, 2017-06-02 10:57:00,G, 53.54, ,67090110811, 831
63.61, 2016-01-30 16:04:00, 2016-01-30 16:04:00,K, 6.22, 193,53080135197, 832
173.62, 2016-03-01 15:10:00, 2016-03-01 15:10:00,G, 13.10, ,58110353530, 833
40.68, 2015-06-09 19:43:00, 2015-06-09 19:43:00,G, 3.82, ,81051487408, 834
77.47, 2017-05-21 14:01:00, 2017-05-21 14:01:00,G, 8.39, ,64032702745, 835
160.63, 2016-09-25 13:44:00, 2016-09-25 13:44:00,G, 15.64, 207,67090840581, 836
159.51, 2017-08-27 19:43:00, 2017-08-27 19:43:00,K, 18.09, 9,81051487408, 837
132.86, 2017-08-13 10:59:00, 2017-08-13 10:59:00,G, 9.60, 101,66052140831, 838
315.70, 2016-09-23 20:31:00, 2016-09-23 20:31:00,G, 32.57, ,67090840581, 839
138.99, 2017-07-17 19:38:00, 2017-07-17 19:38:00,G, 13.17, 16,67090110811, 840
128.85, 2017-02-06 20:58:00, 2017-02-06 20:58:00,G, 9.89, 120,90101522433, 841
342.87, 2015-03-15 18:21:00, 2015-03-15 18:21:00,K, 35.01, 240,68021652369, 842
134.77, 2016-04-07 12:07:00, 2016-04-07 12:07:00,G, 13.59, 175,70021183480, 843
54.34, 2017-02-16 18:54:00, 2017-02-16 18:54:00,K, 4.73, 103,64032702745, 844
125.69, 2017-10-11 11:47:00, 2017-10-11 11:47:00,K, 11.62, 129,96050571111, 845
97.72, 2017-04-03 17:34:00, 2017-04-03 17:34:00,K, 9.01, ,57111780178, 846
258.25, 2017-06-22 13:47:00, 2017-06-22 13:47:00,G, 28.53, 150,67090840581, 847
214.03, 2017-03-26 11:02:00, 2017-03-26 11:02:00,K, 23.83, ,72100420615, 848
109.49, 2017-08-22 20:54:00, 2017-08-22 20:54:00,G, 13.84, 8,64032702745, 849
286.30, 2017-05-27 14:08:00, 2017-05-27 14:08:00,G, 35.87, 177,96050571111, 850
140.78, 2015-03-30 17:23:00, 2015-03-30 17:23:00,K, 15.80, 8,81051487408, 851
346.19, 2014-03-07 17:34:00, 2014-03-07 17:34:00,G, 32.91, 150,89032486684, 852
122.89, 2017-03-21 14:22:00, 2017-03-21 14:22:00,G, 11.73, ,72100420615, 853
17.01, 2017-03-20 15:38:00, 2017-03-20 15:38:00,K, 2.10, ,57111780178, 854
89.60, 2017-05-16 10:27:00, 2017-05-16 10:27:00,G, 11.76, ,67090840581, 855
304.91, 2017-03-24 17:37:00, 2017-03-24 17:37:00,K, 28.08, ,58051177819, 856
300.40, 2016-08-31 09:08:00, 2016-08-31 09:08:00,G, 23.19, 80,67090840581, 857
120.40, 2017-05-13 10:55:00, 2017-05-13 10:55:00,K, 8.75, 75,60050626782, 858
217.05, 2015-03-11 19:38:00, 2015-03-11 19:38:00,G, 19.29, ,50091366336, 859
206.78, 2017-11-04 13:27:00, 2017-11-04 13:27:00,K, 14.89, ,66052140831, 860
271.03, 2017-05-04 11:28:00, 2017-05-04 11:28:00,K, 32.63, ,90101522433, 861
50.55, 2016-10-12 12:56:00, 2016-10-12 12:56:00,K, 5.17, ,67090110811, 862
10.16, 2015-04-21 12:31:00, 2015-04-21 12:31:00,K, 1.03, 13,75060453291, 863
62.46, 2014-10-10 19:55:00, 2014-10-10 19:55:00,G, 5.20, ,70021183480, 864
358.26, 2016-05-31 10:03:00, 2016-05-31 10:03:00,K, 32.68, 85,56041331582, 865
141.08, 2015-11-22 10:18:00, 2015-11-22 10:18:00,G, 15.84, ,58110353530, 866
315.71, 2016-11-17 14:37:00, 2016-11-17 14:37:00,K, 36.90, 183,58110353530, 867
430.05, 2017-05-16 20:40:00, 2017-05-16 20:40:00,G, 44.88, 189,81051487408, 868
109.28, 2016-02-14 09:03:00, 2016-02-14 09:03:00,K, 9.35, 82,58110353530, 869
71.49, 2017-07-28 15:32:00, 2017-07-28 15:32:00,K, 6.37, ,60050626782, 870
30.02, 2017-05-18 09:23:00, 2017-05-18 09:23:00,K, 2.89, ,70021183480, 871
102.87, 2015-04-12 18:04:00, 2015-04-12 18:04:00,G, 10.88, ,90091940110, 872
103.99, 2016-11-14 18:18:00, 2016-11-14 18:18:00,K, 12.46, 147,53080135197, 873
100.12, 2016-08-05 20:07:00, 2016-08-05 20:07:00,G, 12.49, ,57111780178, 874
116.53, 2015-08-22 20:25:00, 2015-08-22 20:25:00,K, 15.39, ,58110353530, 875
330.20, 2015-12-10 11:50:00, 2015-12-10 11:50:00,G, 27.35, ,81051487408, 876
279.83, 2017-07-04 15:58:00, 2017-07-04 15:58:00,G, 38.98, ,66052140831, 877
113.74, 2016-10-08 16:36:00, 2016-10-08 16:36:00,K, 11.81, 70,96050571111, 878
22.08, 2016-01-20 12:24:00, 2016-01-20 12:24:00,G, 2.17, 63,96050571111, 879
74.04, 2016-03-18 20:57:00, 2016-03-18 20:57:00,K, 7.95, ,90101522433, 880
285.02, 2013-11-24 10:54:00, 2013-11-24 10:54:00,G, 29.60, 166,81051487408, 881
77.75, 2017-02-12 09:21:00, 2017-02-12 09:21:00,G, 8.79, 165,58051177819, 882
143.06, 2014-11-27 12:37:00, 2014-11-27 12:37:00,K, 14.61, 33,90091940110, 883
85.11, 2016-05-28 12:35:00, 2016-05-28 12:35:00,K, 7.46, ,53080135197, 884
92.73, 2015-11-16 15:08:00, 2015-11-16 15:08:00,K, 8.86, ,53080135197, 885
24.32, 2017-03-08 10:18:00, 2017-03-08 10:18:00,K, 2.16, 171,58051177819, 886
219.95, 2017-08-20 16:08:00, 2017-08-20 16:08:00,G, 17.64, ,66052140831, 887
107.05, 2017-07-24 16:55:00, 2017-07-24 16:55:00,G, 10.10, ,68021652369, 888
80.17, 2016-07-08 16:14:00, 2016-07-08 16:14:00,G, 11.07, 243,57111780178, 889
241.41, 2017-07-09 19:31:00, 2017-07-09 19:31:00,G, 24.34, 140,72100420615, 890
276.08, 2017-07-24 13:42:00, 2017-07-24 13:42:00,G, 22.80, ,66052140831, 891
35.48, 2017-04-05 12:31:00, 2017-04-05 12:31:00,G, 2.82, 133,64070444454, 892
206.95, 2015-01-29 09:25:00, 2015-01-29 09:25:00,G, 17.68, 82,70021183480, 893
144.68, 2015-06-02 20:09:00, 2015-06-02 20:09:00,G, 11.13, 153,96050571111, 894
252.15, 2017-01-15 18:03:00, 2017-01-15 18:03:00,G, 32.42, ,90091940110, 895
54.67, 2017-08-07 18:00:00, 2017-08-07 18:00:00,K, 4.68, 185,86081206100, 896
103.57, 2015-05-03 11:18:00, 2015-05-03 11:18:00,K, 8.74, ,56041331582, 897
34.35, 2017-07-30 10:24:00, 2017-07-30 10:24:00,K, 3.29, ,58051177819, 898
304.15, 2017-01-24 09:11:00, 2017-01-24 09:11:00,G, 27.56, 69,72100420615, 899
89.01, 2017-07-28 12:53:00, 2017-07-28 12:53:00,G, 12.68, ,67090840581, 900
7.61, 2014-09-18 11:13:00, 2014-09-18 11:13:00,K, 0.56, ,50091366336, 901
32.98, 2017-04-17 17:52:00, 2017-04-17 17:52:00,K, 2.91, ,90101522433, 902
233.53, 2017-08-31 14:32:00, 2017-08-31 14:32:00,K, 18.00, ,86081206100, 903
314.33, 2017-04-27 09:21:00, 2017-04-27 09:21:00,K, 36.84, 215,75060453291, 904
129.30, 2017-05-07 15:50:00, 2017-05-07 15:50:00,G, 15.39, 172,67090110811, 905
45.53, 2016-07-27 10:52:00, 2016-07-27 10:52:00,G, 5.69, 87,67090110811, 906
120.00, 2017-04-14 16:23:00, 2017-04-14 16:23:00,G, 11.29, 123,90101522433, 907
136.09, 2017-08-26 15:22:00, 2017-08-26 15:22:00,G, 18.20, 215,64070444454, 908
521.43, 2017-09-23 18:21:00, 2017-09-23 18:21:00,K, 50.79, 99,57111780178, 909
174.52, 2017-10-19 20:59:00, 2017-10-19 20:59:00,K, 20.12, 12,89032486684, 910
236.33, 2017-03-16 12:41:00, 2017-03-16 12:41:00,K, 20.47, 138,64070444454, 911
147.74, 2017-10-22 11:11:00, 2017-10-22 11:11:00,G, 14.91, 204,64032702745, 912
653.78, 2016-06-21 15:49:00, 2016-06-21 15:49:00,K, 63.44, 146,67090110811, 913
151.99, 2017-09-08 17:20:00, 2017-09-08 17:20:00,K, 13.65, 93,86081206100, 914
147.91, 2017-06-18 17:05:00, 2017-06-18 17:05:00,K, 14.38, ,67090110811, 915
103.32, 2017-07-02 19:32:00, 2017-07-02 19:32:00,G, 14.25, 154,81051487408, 916
179.28, 2017-06-04 17:49:00, 2017-06-04 17:49:00,K, 13.91, 28,86081206100, 917
278.30, 2015-06-02 14:34:00, 2015-06-02 14:34:00,K, 28.15, 165,89032486684, 918
137.00, 2015-03-16 16:29:00, 2015-03-16 16:29:00,G, 12.16, 52,68021652369, 919
250.31, 2017-01-23 17:08:00, 2017-01-23 17:08:00,G, 20.75, ,64070444454, 920
148.31, 2015-11-25 10:00:00, 2015-11-25 10:00:00,G, 11.81, ,58110353530, 921
35.00, 2015-08-04 16:02:00, 2015-08-04 16:02:00,K, 2.64, 244,90091940110, 922
27.74, 2017-10-27 19:46:00, 2017-10-27 19:46:00,K, 2.47, ,66052140831, 923
21.36, 2016-12-10 19:12:00, 2016-12-10 19:12:00,G, 2.32, 27,56041331582, 924
270.90, 2015-02-09 13:55:00, 2015-02-09 13:55:00,K, 31.50, ,89032486684, 925
370.34, 2017-09-28 17:10:00, 2017-09-28 17:10:00,K, 26.87, 237,64070444454, 926
11.20, 2015-07-22 11:00:00, 2015-07-22 11:00:00,K, 1.21, 160,53080135197, 927
189.91, 2017-02-27 15:05:00, 2017-02-27 15:05:00,K, 17.80, ,57111780178, 928
152.03, 2014-12-03 15:22:00, 2014-12-03 15:22:00,K, 13.05, ,56041331582, 929
302.64, 2016-08-11 18:01:00, 2016-08-11 18:01:00,G, 28.12, 196,89032486684, 930
259.61, 2016-07-10 12:53:00, 2016-07-10 12:53:00,G, 19.82, 45,75060453291, 931
51.60, 2015-01-21 17:07:00, 2015-01-21 17:07:00,G, 4.22, ,53080135197, 932
132.86, 2016-11-01 10:29:00, 2016-11-01 10:29:00,K, 13.88, ,96050571111, 933
38.01, 2016-10-29 19:41:00, 2016-10-29 19:41:00,K, 3.50, ,96050571111, 934
302.42, 2016-12-11 12:53:00, 2016-12-11 12:53:00,G, 30.24, ,75060453291, 935
85.98, 2017-06-13 17:35:00, 2017-06-13 17:35:00,G, 10.70, ,62072086812, 936
183.14, 2014-08-22 18:23:00, 2014-08-22 18:23:00,K, 19.27, ,50091366336, 937
143.98, 2017-01-23 12:56:00, 2017-01-23 12:56:00,K, 17.75, 161,72100420615, 938
178.77, 2017-10-13 10:16:00, 2017-10-13 10:16:00,G, 13.33, 98,67090110811, 939
264.21, 2016-11-07 13:56:00, 2016-11-07 13:56:00,K, 23.71, ,90091940110, 940
16.40, 2017-05-09 10:20:00, 2017-05-09 10:20:00,G, 1.33, 193,60050626782, 941
142.14, 2016-04-10 19:48:00, 2016-04-10 19:48:00,K, 12.63, ,69040663462, 942
179.91, 2017-07-11 10:08:00, 2017-07-11 10:08:00,G, 17.65, ,62072086812, 943
192.58, 2017-01-16 12:38:00, 2017-01-16 12:38:00,K, 15.44, ,86081206100, 944
423.95, 2017-10-17 15:46:00, 2017-10-17 15:46:00,G, 35.54, 167,69040663462, 945
100.33, 2016-04-09 20:32:00, 2016-04-09 20:32:00,K, 9.67, ,67090110811, 946
177.24, 2017-02-20 14:28:00, 2017-02-20 14:28:00,K, 13.94, 69,67090840581, 947
226.97, 2016-12-15 15:36:00, 2016-12-15 15:36:00,G, 25.09, ,90101522433, 948
111.86, 2016-08-24 13:56:00, 2016-08-24 13:56:00,K, 11.07, 140,57111780178, 949
62.75, 2016-10-31 15:25:00, 2016-10-31 15:25:00,K, 6.78, ,50091366336, 950
276.55, 2017-07-07 15:20:00, 2017-07-07 15:20:00,G, 19.59, ,58051177819, 951
272.68, 2016-02-14 20:35:00, 2016-02-14 20:35:00,G, 26.44, ,69040663462, 952
96.92, 2016-11-23 13:02:00, 2016-11-23 13:02:00,G, 11.23, 28,89032486684, 953
60.38, 2016-11-06 11:43:00, 2016-11-06 11:43:00,K, 8.34, 215,67090840581, 954
342.08, 2015-02-22 18:45:00, 2015-02-22 18:45:00,G, 25.73, ,90091940110, 955
54.78, 2017-06-13 13:59:00, 2017-06-13 13:59:00,K, 5.69, 72,60050626782, 956
66.61, 2016-12-13 12:10:00, 2016-12-13 12:10:00,G, 6.45, ,86081206100, 957
35.46, 2016-06-05 18:33:00, 2016-06-05 18:33:00,G, 5.14, ,67090110811, 958
183.01, 2015-08-10 11:45:00, 2015-08-10 11:45:00,G, 18.47, ,62072086812, 959
129.67, 2015-02-11 17:04:00, 2015-02-11 17:04:00,K, 13.12, 242,50091366336, 960
278.86, 2016-07-05 12:34:00, 2016-07-05 12:34:00,G, 32.53, ,50091366336, 961
13.73, 2017-11-04 14:19:00, 2017-11-04 14:19:00,K, 1.52, ,66052140831, 962
88.11, 2016-06-05 17:17:00, 2016-06-05 17:17:00,G, 11.15, ,67090110811, 963
16.37, 2017-06-02 14:49:00, 2017-06-02 14:49:00,G, 1.72, 188,57111780178, 964
531.23, 2017-09-13 11:09:00, 2017-09-13 11:09:00,K, 45.23, 43,57111780178, 965
372.40, 2017-03-20 17:57:00, 2017-03-20 17:57:00,K, 40.16, ,67090840581, 966
41.15, 2016-01-19 14:06:00, 2016-01-19 14:06:00,G, 5.76, 30,69040663462, 967
91.30, 2017-04-10 14:03:00, 2017-04-10 14:03:00,G, 9.13, 76,89032486684, 968
133.21, 2017-03-06 15:26:00, 2017-03-06 15:26:00,K, 18.78, 194,69040663462, 969
443.57, 2017-01-06 09:22:00, 2017-01-06 09:22:00,G, 40.83, ,64032702745, 970
383.23, 2016-11-04 10:44:00, 2016-11-04 10:44:00,K, 36.46, 236,90091940110, 971
118.22, 2017-02-16 20:44:00, 2017-02-16 20:44:00,K, 12.25, ,58051177819, 972
46.99, 2014-01-20 19:40:00, 2014-01-20 19:40:00,G, 4.75, 247,89032486684, 973
60.98, 2017-01-12 10:09:00, 2017-01-12 10:09:00,K, 5.59, 196,67090110811, 974
145.82, 2016-02-01 14:08:00, 2016-02-01 14:08:00,G, 14.58, 135,50091366336, 975
49.90, 2017-07-28 09:01:00, 2017-07-28 09:01:00,K, 5.21, 196,67090840581, 976
283.12, 2016-11-26 10:37:00, 2016-11-26 10:37:00,G, 33.08, 127,96050571111, 977
127.85, 2017-09-05 19:30:00, 2017-09-05 19:30:00,G, 9.70, 24,64070444454, 978
242.16, 2017-09-13 19:19:00, 2017-09-13 19:19:00,G, 23.93, ,58051177819, 979
139.76, 2015-03-21 11:44:00, 2015-03-21 11:44:00,G, 15.28, ,62072086812, 980
323.78, 2017-04-29 12:54:00, 2017-04-29 12:54:00,K, 25.85, 37,64032702745, 981
210.34, 2015-02-23 16:28:00, 2015-02-23 16:28:00,G, 21.26, ,56041331582, 982
79.07, 2015-09-10 18:41:00, 2015-09-10 18:41:00,K, 7.44, 214,58110353530, 983
42.61, 2016-06-24 14:57:00, 2016-06-24 14:57:00,G, 4.21, 179,67090110811, 984
122.55, 2016-06-21 18:17:00, 2016-06-21 18:17:00,G, 11.73, ,57111780178, 985
180.97, 2016-10-12 11:19:00, 2016-10-12 11:19:00,K, 20.43, 59,53080135197, 986
167.03, 2017-02-15 17:38:00, 2017-02-15 17:38:00,K, 13.61, 75,58110353530, 987
127.34, 2016-11-24 09:49:00, 2016-11-24 09:49:00,G, 12.87, ,96050571111, 988
38.82, 2017-05-22 12:50:00, 2017-05-22 12:50:00,K, 3.03, ,58051177819, 989
122.43, 2017-08-16 17:51:00, 2017-08-16 17:51:00,K, 11.61, 2,53080135197, 990
84.26, 2016-11-18 13:18:00, 2016-11-18 13:18:00,G, 7.94, 50,68021652369, 991
26.38, 2017-08-30 13:51:00, 2017-08-30 13:51:00,G, 3.33, 111,67090840581, 992
164.59, 2015-05-22 17:24:00, 2015-05-22 17:24:00,G, 16.28, 117,62072086812, 993
27.72, 2015-09-22 18:41:00, 2015-09-22 18:41:00,K, 2.06, ,90091940110, 994
229.49, 2016-08-05 18:25:00, 2016-08-05 18:25:00,K, 25.50, ,58110353530, 995
259.77, 2017-07-13 20:54:00, 2017-07-13 20:54:00,K, 33.40, ,66052140831, 996
10.02, 2017-08-27 12:44:00, 2017-08-27 12:44:00,K, 0.80, ,96050571111, 997
93.54, 2016-11-29 16:59:00, 2016-11-29 16:59:00,G, 12.51, ,67090840581, 998
162.12, 2017-08-23 17:19:00, 2017-08-23 17:19:00,G, 15.92, 207,60050626782, 999
111.06, 2016-03-27 20:25:00, 2016-03-27 20:25:00,K, 14.04, 185,81051487408, 1000
