58051164732, 2016-7-13, David, Saucedo
81060788858, 2016-9-20, Sergio, Saucedo
65021938451, 2017-1-11, Danny, Tapia
89010205475, 2013-2-10, Bernard, Mamami
70022237223, 2015-9-22, Daniel, Yuli
70010781775, 2016-7-9, Carolina, Tapia
89080687210, 2014-1-6, Reina, Gutierrez
64091645628, 2015-1-21, Carolina, Martin
61070176386, 2013-1-6, Ivan, Yuli
84040317482, 2015-2-20, Sergio, Tapia
59091435212, 2016-12-24, David, Escobar
68061680571, 2017-1-12, Danny, Rueda
64010733778, 2015-1-17, Laura, Martin
89050732655, 2013-12-22, Danny, Gutierrez
93111758434, 2014-2-13, Ivan, Yuli
67061211833, 2017-6-24, Reina, Escobar
97080466204, 2016-8-11, Sergio, Mamami
54030876734, 2013-3-28, Bernard, Tapia
77012181552, 2014-10-21, Carolina, Dominguez
97012642703, 2016-2-27, David, Yuli
80050772240, 2017-4-6, Ivan, Galviz
95020286138, 2013-2-22, Yuri, Yuli
85030872553, 2016-6-4, Daniel, Dominguez
95061052236, 2013-4-15, Daniel, Martin
53022332080, 2014-4-11, Reina, Mamami
79080154884, 2013-9-3, Saul, Rueda
59031751814, 2013-10-15, Sergio, Galviz
82020507244, 2013-10-19, Sergio, Yuli
82101956747, 2017-1-10, Danny, Rivera
96111776807, 2017-10-13, Ivan, Rivera
71012333058, 2016-10-28, Laura, Gutierrez
51072084220, 2016-6-23, Carolina, Dominguez
91030840454, 2016-5-15, Carolina, Rivera
82061872331, 2016-4-21, Danny, Mamami
56100107364, 2014-7-1, Ivan, Rueda
85031618003, 2014-8-8, Saul, Crespo
66110726885, 2013-12-18, Sergio, Tapia
57021138616, 2015-4-16, Dimas, Saucedo
67091320431, 2016-8-16, David, Tapia
90070375675, 2014-3-13, Carolina, Rueda
75011364031, 2016-6-28, Dimas, Galviz
93071463732, 2013-8-11, Ivan, Escobar
69042331048, 2014-5-11, Sergio, Yuli
55031263836, 2015-5-20, Daniel, Galviz
54081537282, 2015-3-12, Laura, Galviz
68080581726, 2014-6-29, Yuri, Rueda
79060735438, 2016-11-7, Daniel, Saucedo
95030477118, 2017-9-11, Yuri, Rivera
82102153744, 2014-4-27, Saul, Rivera
88020204537, 2016-10-24, Sergio, Rueda
79092673004, 2017-1-3, Ivan, Yuli
80101150153, 2014-6-7, Danny, Rueda
81050166645, 2016-9-13, Laura, Rivera
93042765433, 2017-3-8, Ivan, Saucedo
97060768522, 2015-9-29, Danny, Mamami
64021465330, 2014-11-7, Carolina, Yuli
92110353408, 2016-1-28, Carolina, Galviz
88061548773, 2013-11-30, Yuri, Escobar
64112417800, 2015-3-15, Yuri, Rivera
78080852261, 2014-2-22, Danny, Yuli
82042720341, 2015-9-27, Ivan, Saucedo
82080361618, 2013-12-24, Carolina, Mamami
65112423456, 2017-2-15, Danny, Rueda
52041415754, 2016-11-28, Danny, Mamami
50111744088, 2016-6-22, Dimas, Gutierrez
72010237085, 2014-11-21, Carolina, Tapia
90072128122, 2016-1-20, Dimas, Crespo
75112457046, 2016-7-10, Danny, Rivera
67101311054, 2016-9-15, Laura, Yuli
80032772166, 2016-11-8, Saul, Yuli
91060441280, 2017-6-12, Saul, Rivera
53032376825, 2014-2-27, Carolina, Crespo
87041968638, 2014-8-9, Laura, Tapia
77012506834, 2014-8-17, Laura, Crespo
84022084373, 2017-3-27, Yuri, Rueda
79092264216, 2017-3-28, Saul, Rivera
87092276232, 2014-6-11, Dimas, Crespo
70071780281, 2013-10-18, Bernard, Galviz
83060428413, 2017-2-4, Carolina, Rivera
90042715550, 2017-4-6, Bernard, Rivera
64050614276, 2015-12-15, Reina, Crespo
79010864281, 2017-2-18, David, Escobar
77090787625, 2016-4-8, Saul, Escobar
89032006874, 2017-4-29, Bernard, Gutierrez
60092577121, 2013-7-18, Reina, Rueda
71101184313, 2017-2-7, Yuri, Rivera
95030304482, 2016-9-5, Yuri, Galviz
83071308812, 2015-5-3, Reina, Rivera
83092457443, 2015-2-13, Daniel, Galviz
68101876661, 2017-2-22, Sergio, Rivera
83022243311, 2015-1-24, Saul, Gutierrez
71070917637, 2015-2-4, Reina, Gutierrez
61031731145, 2013-4-11, Daniel, Yuli
91022073002, 2014-8-30, Ivan, Martin
96050245807, 2016-6-29, David, Tapia
62111678286, 2013-4-21, Ivan, Crespo
68090748326, 2015-9-2, Daniel, Rueda
94040536555, 2017-10-10, Reina, Gutierrez
55102124172, 2014-11-27, Daniel, Tapia
93010920854, 2015-5-11, Bernard, Crespo
